2025-09-08 19:05:28,649 - TradingBot - INFO - Entry Signal Check (EMA Crossover): HOLD | Current Trend Memory: BULLISH
2025-09-08 19:05:29,667 - TradingBot - INFO - Applying core strategy to 0 bot trade(s).
2025-09-08 19:05:29,667 - TradingBot - INFO - Strategy: Running checks...
2025-09-08 19:05:29,667 - TradingBot - INFO - No open bot trades. Checking for new entry signal.
2025-09-08 19:05:29,667 - TradingBot - INFO - Entry Signal Check (EMA Crossover): HOLD | Current Trend Memory: BULLISH
2025-09-08 19:05:30,684 - TradingBot - INFO - Applying core strategy to 0 bot trade(s).
2025-09-08 19:05:30,684 - TradingBot - INFO - Strategy: Running checks...
2025-09-08 19:05:30,684 - TradingBot - INFO - No open bot trades. Checking for new entry signal.
2025-09-08 19:05:30,684 - TradingBot - INFO - Entry Signal Check (EMA Crossover): HOLD | Current Trend Memory: BULLISH
2025-09-08 19:05:31,699 - TradingBot - INFO - Applying core strategy to 0 bot trade(s).
2025-09-08 19:05:31,699 - TradingBot - INFO - Strategy: Running checks...
2025-09-08 19:05:31,699 - TradingBot - INFO - No open bot trades. Checking for new entry signal.
2025-09-08 19:05:31,699 - TradingBot - INFO - Entry Signal Check (EMA Crossover): HOLD | Current Trend Memory: BULLISH
2025-09-08 19:05:32,710 - TradingBot - INFO - Applying core strategy to 0 bot trade(s).
2025-09-08 19:05:32,710 - TradingBot - INFO - Strategy: Running checks...
2025-09-08 19:05:32,710 - TradingBot - INFO - No open bot trades. Checking for new entry signal.
2025-09-08 19:05:32,710 - TradingBot - INFO - Entry Signal Check (EMA Crossover): HOLD | Current Trend Memory: BULLISH
2025-09-08 19:05:33,723 - TradingBot - INFO - Applying core strategy to 0 bot trade(s).
2025-09-08 19:05:33,723 - TradingBot - INFO - Strategy: Running checks...
2025-09-08 19:05:33,723 - TradingBot - INFO - No open bot trades. Checking for new entry signal.
2025-09-08 19:05:33,723 - TradingBot - INFO - Entry Signal Check (EMA Crossover): HOLD | Current Trend Memory: BULLISH
2025-09-08 19:05:34,733 - TradingBot - INFO - Applying core strategy to 0 bot trade(s).
2025-09-08 19:05:34,733 - TradingBot - INFO - Strategy: Running checks...
2025-09-08 19:05:34,733 - TradingBot - INFO - No open bot trades. Checking for new entry signal.
2025-09-08 19:05:34,733 - TradingBot - INFO - Entry Signal Check (EMA Crossover): HOLD | Current Trend Memory: BULLISH
2025-09-08 19:05:35,744 - TradingBot - INFO - Applying core strategy to 0 bot trade(s).
2025-09-08 19:05:35,744 - TradingBot - INFO - Strategy: Running checks...
2025-09-08 19:05:35,744 - TradingBot - INFO - No open bot trades. Checking for new entry signal.
2025-09-08 19:05:35,744 - TradingBot - INFO - Entry Signal Check (EMA Crossover): HOLD | Current Trend Memory: BULLISH
2025-09-08 19:05:36,755 - TradingBot - INFO - Applying core strategy to 0 bot trade(s).
2025-09-08 19:05:36,755 - TradingBot - INFO - Strategy: Running checks...
2025-09-08 19:05:36,755 - TradingBot - INFO - No open bot trades. Checking for new entry signal.
2025-09-08 19:05:36,755 - TradingBot - INFO - Entry Signal Check (EMA Crossover): HOLD | Current Trend Memory: BULLISH
2025-09-08 19:05:37,768 - TradingBot - INFO - Applying core strategy to 0 bot trade(s).
2025-09-08 19:05:37,768 - TradingBot - INFO - Strategy: Running checks...
2025-09-08 19:05:37,768 - TradingBot - INFO - No open bot trades. Checking for new entry signal.
2025-09-08 19:05:37,768 - TradingBot - INFO - Entry Signal Check (EMA Crossover): HOLD | Current Trend Memory: BULLISH
2025-09-08 19:05:38,781 - TradingBot - INFO - Applying core strategy to 0 bot trade(s).
2025-09-08 19:05:38,781 - TradingBot - INFO - Strategy: Running checks...
2025-09-08 19:05:38,781 - TradingBot - INFO - No open bot trades. Checking for new entry signal.
2025-09-08 19:05:38,797 - TradingBot - INFO - Entry Signal Check (EMA Crossover): HOLD | Current Trend Memory: BULLISH
2025-09-08 19:05:39,800 - TradingBot - INFO - Applying core strategy to 0 bot trade(s).
2025-09-08 19:05:39,800 - TradingBot - INFO - Strategy: Running checks...
2025-09-08 19:05:39,800 - TradingBot - INFO - No open bot trades. Checking for new entry signal.
2025-09-08 19:05:39,800 - TradingBot - INFO - Entry Signal Check (EMA Crossover): HOLD | Current Trend Memory: BULLISH
2025-09-08 19:05:40,810 - TradingBot - INFO - Applying core strategy to 0 bot trade(s).
2025-09-08 19:05:40,810 - TradingBot - INFO - Strategy: Running checks...
2025-09-08 19:05:40,810 - TradingBot - INFO - No open bot trades. Checking for new entry signal.
2025-09-08 19:05:40,810 - TradingBot - INFO - Entry Signal Check (EMA Crossover): HOLD | Current Trend Memory: BULLISH
2025-09-08 19:05:41,821 - TradingBot - INFO - Applying core strategy to 0 bot trade(s).
2025-09-08 19:05:41,821 - TradingBot - INFO - Strategy: Running checks...
2025-09-08 19:05:41,821 - TradingBot - INFO - No open bot trades. Checking for new entry signal.
2025-09-08 19:05:41,821 - TradingBot - INFO - Entry Signal Check (EMA Crossover): HOLD | Current Trend Memory: BULLISH
2025-09-08 19:05:42,836 - TradingBot - INFO - Applying core strategy to 0 bot trade(s).
2025-09-08 19:05:42,836 - TradingBot - INFO - Strategy: Running checks...
2025-09-08 19:05:42,836 - TradingBot - INFO - No open bot trades. Checking for new entry signal.
2025-09-08 19:05:42,836 - TradingBot - INFO - Entry Signal Check (EMA Crossover): HOLD | Current Trend Memory: BULLISH
2025-09-08 19:05:43,850 - TradingBot - INFO - Applying core strategy to 0 bot trade(s).
2025-09-08 19:05:43,850 - TradingBot - INFO - Strategy: Running checks...
2025-09-08 19:05:43,850 - TradingBot - INFO - No open bot trades. Checking for new entry signal.
2025-09-08 19:05:43,850 - TradingBot - INFO - Entry Signal Check (EMA Crossover): HOLD | Current Trend Memory: BULLISH
2025-09-08 19:05:44,860 - TradingBot - INFO - Applying core strategy to 0 bot trade(s).
2025-09-08 19:05:44,860 - TradingBot - INFO - Strategy: Running checks...
2025-09-08 19:05:44,860 - TradingBot - INFO - No open bot trades. Checking for new entry signal.
2025-09-08 19:05:44,860 - TradingBot - INFO - Entry Signal Check (EMA Crossover): HOLD | Current Trend Memory: BULLISH
2025-09-08 19:05:45,871 - TradingBot - INFO - Applying core strategy to 0 bot trade(s).
2025-09-08 19:05:45,871 - TradingBot - INFO - Strategy: Running checks...
2025-09-08 19:05:45,871 - TradingBot - INFO - No open bot trades. Checking for new entry signal.
2025-09-08 19:05:45,871 - TradingBot - INFO - Entry Signal Check (EMA Crossover): HOLD | Current Trend Memory: BULLISH
2025-09-08 19:05:46,882 - TradingBot - INFO - Applying core strategy to 0 bot trade(s).
2025-09-08 19:05:46,882 - TradingBot - INFO - Strategy: Running checks...
2025-09-08 19:05:46,882 - TradingBot - INFO - No open bot trades. Checking for new entry signal.
2025-09-08 19:05:46,882 - TradingBot - INFO - Entry Signal Check (EMA Crossover): HOLD | Current Trend Memory: BULLISH
2025-09-08 19:05:47,894 - TradingBot - INFO - Applying core strategy to 0 bot trade(s).
2025-09-08 19:05:47,894 - TradingBot - INFO - Strategy: Running checks...
2025-09-08 19:05:47,894 - TradingBot - INFO - No open bot trades. Checking for new entry signal.
2025-09-08 19:05:47,894 - TradingBot - INFO - Entry Signal Check (EMA Crossover): HOLD | Current Trend Memory: BULLISH
2025-09-08 19:05:48,905 - TradingBot - INFO - Applying core strategy to 0 bot trade(s).
2025-09-08 19:05:48,905 - TradingBot - INFO - Strategy: Running checks...
2025-09-08 19:05:48,905 - TradingBot - INFO - No open bot trades. Checking for new entry signal.
2025-09-08 19:05:48,905 - TradingBot - INFO - Entry Signal Check (EMA Crossover): HOLD | Current Trend Memory: BULLISH
2025-09-08 19:05:49,916 - TradingBot - INFO - Applying core strategy to 0 bot trade(s).
2025-09-08 19:05:49,916 - TradingBot - INFO - Strategy: Running checks...
2025-09-08 19:05:49,916 - TradingBot - INFO - No open bot trades. Checking for new entry signal.
2025-09-08 19:05:49,916 - TradingBot - INFO - Entry Signal Check (EMA Crossover): HOLD | Current Trend Memory: BULLISH
2025-09-08 19:05:50,926 - TradingBot - INFO - Applying core strategy to 0 bot trade(s).
2025-09-08 19:05:50,926 - TradingBot - INFO - Strategy: Running checks...
2025-09-08 19:05:50,926 - TradingBot - INFO - No open bot trades. Checking for new entry signal.
2025-09-08 19:05:50,926 - TradingBot - INFO - Entry Signal Check (EMA Crossover): HOLD | Current Trend Memory: BULLISH
2025-09-08 19:05:51,941 - TradingBot - INFO - Applying core strategy to 0 bot trade(s).
2025-09-08 19:05:51,941 - TradingBot - INFO - Strategy: Running checks...
2025-09-08 19:05:51,941 - TradingBot - INFO - No open bot trades. Checking for new entry signal.
2025-09-08 19:05:51,941 - TradingBot - INFO - Entry Signal Check (EMA Crossover): HOLD | Current Trend Memory: BULLISH
2025-09-08 19:05:52,954 - TradingBot - INFO - Applying core strategy to 0 bot trade(s).
2025-09-08 19:05:52,954 - TradingBot - INFO - Strategy: Running checks...
2025-09-08 19:05:52,954 - TradingBot - INFO - No open bot trades. Checking for new entry signal.
2025-09-08 19:05:52,954 - TradingBot - INFO - Entry Signal Check (EMA Crossover): HOLD | Current Trend Memory: BULLISH
2025-09-08 19:05:53,965 - TradingBot - INFO - Applying core strategy to 0 bot trade(s).
2025-09-08 19:05:53,965 - TradingBot - INFO - Strategy: Running checks...
2025-09-08 19:05:53,965 - TradingBot - INFO - No open bot trades. Checking for new entry signal.
2025-09-08 19:05:53,965 - TradingBot - INFO - Entry Signal Check (EMA Crossover): HOLD | Current Trend Memory: BULLISH
2025-09-08 19:05:54,978 - TradingBot - INFO - Applying core strategy to 0 bot trade(s).
2025-09-08 19:05:54,978 - TradingBot - INFO - Strategy: Running checks...
2025-09-08 19:05:54,978 - TradingBot - INFO - No open bot trades. Checking for new entry signal.
2025-09-08 19:05:54,978 - TradingBot - INFO - Entry Signal Check (EMA Crossover): HOLD | Current Trend Memory: BULLISH
2025-09-08 19:05:55,989 - TradingBot - INFO - Applying core strategy to 0 bot trade(s).
2025-09-08 19:05:55,989 - TradingBot - INFO - Strategy: Running checks...
2025-09-08 19:05:55,989 - TradingBot - INFO - No open bot trades. Checking for new entry signal.
2025-09-08 19:05:55,989 - TradingBot - INFO - Entry Signal Check (EMA Crossover): HOLD | Current Trend Memory: BULLISH
2025-09-08 19:05:57,003 - TradingBot - INFO - Applying core strategy to 0 bot trade(s).
2025-09-08 19:05:57,003 - TradingBot - INFO - Strategy: Running checks...
2025-09-08 19:05:57,003 - TradingBot - INFO - No open bot trades. Checking for new entry signal.
2025-09-08 19:05:57,003 - TradingBot - INFO - Entry Signal Check (EMA Crossover): HOLD | Current Trend Memory: BULLISH
2025-09-08 19:05:58,016 - TradingBot - INFO - Applying core strategy to 0 bot trade(s).
2025-09-08 19:05:58,016 - TradingBot - INFO - Strategy: Running checks...
2025-09-08 19:05:58,016 - TradingBot - INFO - No open bot trades. Checking for new entry signal.
2025-09-08 19:05:58,016 - TradingBot - INFO - Entry Signal Check (EMA Crossover): HOLD | Current Trend Memory: BULLISH
2025-09-08 19:05:59,026 - TradingBot - INFO - Applying core strategy to 0 bot trade(s).
2025-09-08 19:05:59,026 - TradingBot - INFO - Strategy: Running checks...
2025-09-08 19:05:59,026 - TradingBot - INFO - No open bot trades. Checking for new entry signal.
2025-09-08 19:05:59,026 - TradingBot - INFO - Entry Signal Check (EMA Crossover): HOLD | Current Trend Memory: BULLISH
2025-09-08 19:06:00,037 - TradingBot - INFO - Applying core strategy to 0 bot trade(s).
2025-09-08 19:06:00,037 - TradingBot - INFO - Strategy: Running checks...
2025-09-08 19:06:00,037 - TradingBot - INFO - No open bot trades. Checking for new entry signal.
2025-09-08 19:06:00,037 - TradingBot - INFO - Entry Signal Check (EMA Crossover): HOLD | Current Trend Memory: BULLISH
2025-09-08 19:06:01,049 - TradingBot - INFO - Applying core strategy to 0 bot trade(s).
2025-09-08 19:06:01,049 - TradingBot - INFO - Strategy: Running checks...
2025-09-08 19:06:01,049 - TradingBot - INFO - No open bot trades. Checking for new entry signal.
2025-09-08 19:06:01,049 - TradingBot - INFO - Entry Signal Check (EMA Crossover): HOLD | Current Trend Memory: BULLISH
2025-09-08 19:06:02,059 - TradingBot - INFO - Applying core strategy to 0 bot trade(s).
2025-09-08 19:06:02,059 - TradingBot - INFO - Strategy: Running checks...
2025-09-08 19:06:02,059 - TradingBot - INFO - No open bot trades. Checking for new entry signal.
2025-09-08 19:06:02,059 - TradingBot - INFO - Entry Signal Check (EMA Crossover): HOLD | Current Trend Memory: BULLISH
2025-09-08 19:06:03,072 - TradingBot - INFO - Applying core strategy to 0 bot trade(s).
2025-09-08 19:06:03,072 - TradingBot - INFO - Strategy: Running checks...
2025-09-08 19:06:03,072 - TradingBot - INFO - No open bot trades. Checking for new entry signal.
2025-09-08 19:06:03,072 - TradingBot - INFO - Entry Signal Check (EMA Crossover): HOLD | Current Trend Memory: BULLISH
2025-09-08 19:06:04,086 - TradingBot - INFO - Applying core strategy to 0 bot trade(s).
2025-09-08 19:06:04,086 - TradingBot - INFO - Strategy: Running checks...
2025-09-08 19:06:04,086 - TradingBot - INFO - No open bot trades. Checking for new entry signal.
2025-09-08 19:06:04,086 - TradingBot - INFO - Entry Signal Check (EMA Crossover): HOLD | Current Trend Memory: BULLISH
2025-09-08 19:06:05,097 - TradingBot - INFO - Applying core strategy to 0 bot trade(s).
2025-09-08 19:06:05,097 - TradingBot - INFO - Strategy: Running checks...
2025-09-08 19:06:05,097 - TradingBot - INFO - No open bot trades. Checking for new entry signal.
2025-09-08 19:06:05,097 - TradingBot - INFO - Entry Signal Check (EMA Crossover): HOLD | Current Trend Memory: BULLISH
2025-09-08 19:06:06,110 - TradingBot - INFO - Applying core strategy to 0 bot trade(s).
2025-09-08 19:06:06,110 - TradingBot - INFO - Strategy: Running checks...
2025-09-08 19:06:06,110 - TradingBot - INFO - No open bot trades. Checking for new entry signal.
2025-09-08 19:06:06,110 - TradingBot - INFO - Entry Signal Check (EMA Crossover): HOLD | Current Trend Memory: BULLISH
2025-09-08 19:06:07,124 - TradingBot - INFO - Applying core strategy to 0 bot trade(s).
2025-09-08 19:06:07,124 - TradingBot - INFO - Strategy: Running checks...
2025-09-08 19:06:07,124 - TradingBot - INFO - No open bot trades. Checking for new entry signal.
2025-09-08 19:06:07,124 - TradingBot - INFO - Entry Signal Check (EMA Crossover): HOLD | Current Trend Memory: BULLISH
2025-09-08 19:06:08,134 - TradingBot - INFO - Applying core strategy to 0 bot trade(s).
2025-09-08 19:06:08,134 - TradingBot - INFO - Strategy: Running checks...
2025-09-08 19:06:08,134 - TradingBot - INFO - No open bot trades. Checking for new entry signal.
2025-09-08 19:06:08,134 - TradingBot - INFO - Entry Signal Check (EMA Crossover): HOLD | Current Trend Memory: BULLISH
2025-09-08 19:06:09,145 - TradingBot - INFO - Applying core strategy to 0 bot trade(s).
2025-09-08 19:06:09,145 - TradingBot - INFO - Strategy: Running checks...
2025-09-08 19:06:09,145 - TradingBot - INFO - No open bot trades. Checking for new entry signal.
2025-09-08 19:06:09,145 - TradingBot - INFO - Entry Signal Check (EMA Crossover): HOLD | Current Trend Memory: BULLISH
2025-09-08 19:06:10,155 - TradingBot - INFO - Applying core strategy to 0 bot trade(s).
2025-09-08 19:06:10,155 - TradingBot - INFO - Strategy: Running checks...
2025-09-08 19:06:10,155 - TradingBot - INFO - No open bot trades. Checking for new entry signal.
2025-09-08 19:06:10,155 - TradingBot - INFO - Entry Signal Check (EMA Crossover): HOLD | Current Trend Memory: BULLISH
2025-09-08 19:06:11,166 - TradingBot - INFO - Applying core strategy to 0 bot trade(s).
2025-09-08 19:06:11,166 - TradingBot - INFO - Strategy: Running checks...
2025-09-08 19:06:11,166 - TradingBot - INFO - No open bot trades. Checking for new entry signal.
2025-09-08 19:06:11,166 - TradingBot - INFO - Entry Signal Check (EMA Crossover): HOLD | Current Trend Memory: BULLISH
2025-09-08 19:06:12,179 - TradingBot - INFO - Applying core strategy to 0 bot trade(s).
2025-09-08 19:06:12,179 - TradingBot - INFO - Strategy: Running checks...
2025-09-08 19:06:12,179 - TradingBot - INFO - No open bot trades. Checking for new entry signal.
2025-09-08 19:06:12,179 - TradingBot - INFO - Entry Signal Check (EMA Crossover): HOLD | Current Trend Memory: BULLISH
2025-09-08 19:06:13,191 - TradingBot - INFO - Applying core strategy to 0 bot trade(s).
2025-09-08 19:06:13,191 - TradingBot - INFO - Strategy: Running checks...
2025-09-08 19:06:13,191 - TradingBot - INFO - No open bot trades. Checking for new entry signal.
2025-09-08 19:06:13,191 - TradingBot - INFO - Entry Signal Check (EMA Crossover): HOLD | Current Trend Memory: BULLISH
2025-09-08 19:06:14,203 - TradingBot - INFO - Applying core strategy to 0 bot trade(s).
2025-09-08 19:06:14,203 - TradingBot - INFO - Strategy: Running checks...
2025-09-08 19:06:14,203 - TradingBot - INFO - No open bot trades. Checking for new entry signal.
2025-09-08 19:06:14,203 - TradingBot - INFO - Entry Signal Check (EMA Crossover): HOLD | Current Trend Memory: BULLISH
2025-09-08 19:06:15,214 - TradingBot - INFO - Applying core strategy to 0 bot trade(s).
2025-09-08 19:06:15,214 - TradingBot - INFO - Strategy: Running checks...
2025-09-08 19:06:15,214 - TradingBot - INFO - No open bot trades. Checking for new entry signal.
2025-09-08 19:06:15,214 - TradingBot - INFO - Entry Signal Check (EMA Crossover): HOLD | Current Trend Memory: BULLISH
2025-09-08 19:06:16,226 - TradingBot - INFO - Applying core strategy to 0 bot trade(s).
2025-09-08 19:06:16,226 - TradingBot - INFO - Strategy: Running checks...
2025-09-08 19:06:16,226 - TradingBot - INFO - No open bot trades. Checking for new entry signal.
2025-09-08 19:06:16,226 - TradingBot - INFO - Entry Signal Check (EMA Crossover): HOLD | Current Trend Memory: BULLISH
2025-09-08 19:06:17,236 - TradingBot - INFO - Applying core strategy to 0 bot trade(s).
2025-09-08 19:06:17,236 - TradingBot - INFO - Strategy: Running checks...
2025-09-08 19:06:17,236 - TradingBot - INFO - No open bot trades. Checking for new entry signal.
2025-09-08 19:06:17,236 - TradingBot - INFO - Entry Signal Check (EMA Crossover): HOLD | Current Trend Memory: BULLISH
2025-09-08 19:06:18,247 - TradingBot - INFO - Applying core strategy to 0 bot trade(s).
2025-09-08 19:06:18,247 - TradingBot - INFO - Strategy: Running checks...
2025-09-08 19:06:18,247 - TradingBot - INFO - No open bot trades. Checking for new entry signal.
2025-09-08 19:06:18,247 - TradingBot - INFO - Entry Signal Check (EMA Crossover): HOLD | Current Trend Memory: BULLISH
2025-09-08 19:06:19,259 - TradingBot - INFO - Applying core strategy to 0 bot trade(s).
2025-09-08 19:06:19,259 - TradingBot - INFO - Strategy: Running checks...
2025-09-08 19:06:19,259 - TradingBot - INFO - No open bot trades. Checking for new entry signal.
2025-09-08 19:06:19,259 - TradingBot - INFO - Entry Signal Check (EMA Crossover): HOLD | Current Trend Memory: BULLISH
2025-09-08 19:06:20,269 - TradingBot - INFO - Applying core strategy to 0 bot trade(s).
2025-09-08 19:06:20,269 - TradingBot - INFO - Strategy: Running checks...
2025-09-08 19:06:20,269 - TradingBot - INFO - No open bot trades. Checking for new entry signal.
2025-09-08 19:06:20,269 - TradingBot - INFO - Entry Signal Check (EMA Crossover): HOLD | Current Trend Memory: BULLISH
2025-09-08 19:06:21,280 - TradingBot - INFO - Applying core strategy to 0 bot trade(s).
2025-09-08 19:06:21,280 - TradingBot - INFO - Strategy: Running checks...
2025-09-08 19:06:21,280 - TradingBot - INFO - No open bot trades. Checking for new entry signal.
2025-09-08 19:06:21,280 - TradingBot - INFO - Entry Signal Check (EMA Crossover): HOLD | Current Trend Memory: BULLISH
2025-09-08 19:06:22,293 - TradingBot - INFO - Applying core strategy to 0 bot trade(s).
2025-09-08 19:06:22,293 - TradingBot - INFO - Strategy: Running checks...
2025-09-08 19:06:22,293 - TradingBot - INFO - No open bot trades. Checking for new entry signal.
2025-09-08 19:06:22,293 - TradingBot - INFO - Entry Signal Check (EMA Crossover): HOLD | Current Trend Memory: BULLISH
2025-09-08 19:06:23,306 - TradingBot - INFO - Applying core strategy to 0 bot trade(s).
2025-09-08 19:06:23,306 - TradingBot - INFO - Strategy: Running checks...
2025-09-08 19:06:23,306 - TradingBot - INFO - No open bot trades. Checking for new entry signal.
2025-09-08 19:06:23,306 - TradingBot - INFO - Entry Signal Check (EMA Crossover): HOLD | Current Trend Memory: BULLISH
2025-09-08 19:06:24,316 - TradingBot - INFO - Applying core strategy to 0 bot trade(s).
2025-09-08 19:06:24,316 - TradingBot - INFO - Strategy: Running checks...
2025-09-08 19:06:24,316 - TradingBot - INFO - No open bot trades. Checking for new entry signal.
2025-09-08 19:06:24,316 - TradingBot - INFO - Entry Signal Check (EMA Crossover): HOLD | Current Trend Memory: BULLISH
2025-09-08 19:06:25,329 - TradingBot - INFO - Applying core strategy to 0 bot trade(s).
2025-09-08 19:06:25,329 - TradingBot - INFO - Strategy: Running checks...
2025-09-08 19:06:25,329 - TradingBot - INFO - No open bot trades. Checking for new entry signal.
2025-09-08 19:06:25,329 - TradingBot - INFO - Entry Signal Check (EMA Crossover): HOLD | Current Trend Memory: BULLISH
2025-09-08 19:06:26,342 - TradingBot - INFO - Applying core strategy to 0 bot trade(s).
2025-09-08 19:06:26,342 - TradingBot - INFO - Strategy: Running checks...
2025-09-08 19:06:26,342 - TradingBot - INFO - No open bot trades. Checking for new entry signal.
2025-09-08 19:06:26,342 - TradingBot - INFO - Entry Signal Check (EMA Crossover): HOLD | Current Trend Memory: BULLISH
2025-09-08 19:06:27,353 - TradingBot - INFO - Applying core strategy to 0 bot trade(s).
2025-09-08 19:06:27,353 - TradingBot - INFO - Strategy: Running checks...
2025-09-08 19:06:27,353 - TradingBot - INFO - No open bot trades. Checking for new entry signal.
2025-09-08 19:06:27,353 - TradingBot - INFO - Entry Signal Check (EMA Crossover): HOLD | Current Trend Memory: BULLISH
2025-09-08 19:06:28,364 - TradingBot - INFO - Applying core strategy to 0 bot trade(s).
2025-09-08 19:06:28,364 - TradingBot - INFO - Strategy: Running checks...
2025-09-08 19:06:28,364 - TradingBot - INFO - No open bot trades. Checking for new entry signal.
2025-09-08 19:06:28,364 - TradingBot - INFO - Entry Signal Check (EMA Crossover): HOLD | Current Trend Memory: BULLISH
2025-09-08 19:06:29,375 - TradingBot - INFO - Applying core strategy to 0 bot trade(s).
2025-09-08 19:06:29,375 - TradingBot - INFO - Strategy: Running checks...
2025-09-08 19:06:29,375 - TradingBot - INFO - No open bot trades. Checking for new entry signal.
2025-09-08 19:06:29,375 - TradingBot - INFO - Entry Signal Check (EMA Crossover): HOLD | Current Trend Memory: BULLISH
2025-09-08 19:06:30,384 - TradingBot - INFO - Applying core strategy to 0 bot trade(s).
2025-09-08 19:06:30,384 - TradingBot - INFO - Strategy: Running checks...
2025-09-08 19:06:30,384 - TradingBot - INFO - No open bot trades. Checking for new entry signal.
2025-09-08 19:06:30,384 - TradingBot - INFO - Entry Signal Check (EMA Crossover): HOLD | Current Trend Memory: BULLISH
2025-09-08 19:06:31,415 - TradingBot - INFO - Applying core strategy to 0 bot trade(s).
2025-09-08 19:06:31,415 - TradingBot - INFO - Strategy: Running checks...
2025-09-08 19:06:31,415 - TradingBot - INFO - No open bot trades. Checking for new entry signal.
2025-09-08 19:06:31,430 - TradingBot - INFO - Entry Signal Check (EMA Crossover): HOLD | Current Trend Memory: BULLISH
2025-09-08 19:06:32,432 - TradingBot - INFO - Applying core strategy to 0 bot trade(s).
2025-09-08 19:06:32,432 - TradingBot - INFO - Strategy: Running checks...
2025-09-08 19:06:32,432 - TradingBot - INFO - No open bot trades. Checking for new entry signal.
2025-09-08 19:06:32,432 - TradingBot - INFO - Entry Signal Check (EMA Crossover): HOLD | Current Trend Memory: BULLISH
2025-09-08 19:06:33,443 - TradingBot - INFO - Applying core strategy to 0 bot trade(s).
2025-09-08 19:06:33,443 - TradingBot - INFO - Strategy: Running checks...
2025-09-08 19:06:33,443 - TradingBot - INFO - No open bot trades. Checking for new entry signal.
2025-09-08 19:06:33,443 - TradingBot - INFO - Entry Signal Check (EMA Crossover): HOLD | Current Trend Memory: BULLISH
2025-09-08 19:06:34,456 - TradingBot - INFO - Applying core strategy to 0 bot trade(s).
2025-09-08 19:06:34,456 - TradingBot - INFO - Strategy: Running checks...
2025-09-08 19:06:34,456 - TradingBot - INFO - No open bot trades. Checking for new entry signal.
2025-09-08 19:06:34,456 - TradingBot - INFO - Entry Signal Check (EMA Crossover): HOLD | Current Trend Memory: BULLISH
2025-09-08 19:06:35,469 - TradingBot - INFO - Applying core strategy to 0 bot trade(s).
2025-09-08 19:06:35,469 - TradingBot - INFO - Strategy: Running checks...
2025-09-08 19:06:35,469 - TradingBot - INFO - No open bot trades. Checking for new entry signal.
2025-09-08 19:06:35,469 - TradingBot - INFO - Entry Signal Check (EMA Crossover): HOLD | Current Trend Memory: BULLISH
2025-09-08 19:06:36,480 - TradingBot - INFO - Applying core strategy to 0 bot trade(s).
2025-09-08 19:06:36,480 - TradingBot - INFO - Strategy: Running checks...
2025-09-08 19:06:36,480 - TradingBot - INFO - No open bot trades. Checking for new entry signal.
2025-09-08 19:06:36,480 - TradingBot - INFO - Entry Signal Check (EMA Crossover): HOLD | Current Trend Memory: BULLISH
2025-09-08 19:06:37,492 - TradingBot - INFO - Applying core strategy to 0 bot trade(s).
2025-09-08 19:06:37,492 - TradingBot - INFO - Strategy: Running checks...
2025-09-08 19:06:37,492 - TradingBot - INFO - No open bot trades. Checking for new entry signal.
2025-09-08 19:06:37,492 - TradingBot - INFO - Entry Signal Check (EMA Crossover): HOLD | Current Trend Memory: BULLISH
2025-09-08 19:06:38,505 - TradingBot - INFO - Applying core strategy to 0 bot trade(s).
2025-09-08 19:06:38,505 - TradingBot - INFO - Strategy: Running checks...
2025-09-08 19:06:38,505 - TradingBot - INFO - No open bot trades. Checking for new entry signal.
2025-09-08 19:06:38,505 - TradingBot - INFO - Entry Signal Check (EMA Crossover): HOLD | Current Trend Memory: BULLISH
2025-09-08 19:06:39,519 - TradingBot - INFO - Applying core strategy to 0 bot trade(s).
2025-09-08 19:06:39,519 - TradingBot - INFO - Strategy: Running checks...
2025-09-08 19:06:39,519 - TradingBot - INFO - No open bot trades. Checking for new entry signal.
2025-09-08 19:06:39,519 - TradingBot - INFO - Entry Signal Check (EMA Crossover): HOLD | Current Trend Memory: BULLISH
2025-09-08 19:06:40,532 - TradingBot - INFO - Applying core strategy to 0 bot trade(s).
2025-09-08 19:06:40,532 - TradingBot - INFO - Strategy: Running checks...
2025-09-08 19:06:40,532 - TradingBot - INFO - No open bot trades. Checking for new entry signal.
2025-09-08 19:06:40,532 - TradingBot - INFO - Entry Signal Check (EMA Crossover): HOLD | Current Trend Memory: BULLISH
2025-09-08 19:06:41,543 - TradingBot - INFO - Applying core strategy to 0 bot trade(s).
2025-09-08 19:06:41,543 - TradingBot - INFO - Strategy: Running checks...
2025-09-08 19:06:41,543 - TradingBot - INFO - No open bot trades. Checking for new entry signal.
2025-09-08 19:06:41,543 - TradingBot - INFO - Entry Signal Check (EMA Crossover): HOLD | Current Trend Memory: BULLISH
2025-09-08 19:06:42,554 - TradingBot - INFO - Applying core strategy to 0 bot trade(s).
2025-09-08 19:06:42,554 - TradingBot - INFO - Strategy: Running checks...
2025-09-08 19:06:42,554 - TradingBot - INFO - No open bot trades. Checking for new entry signal.
2025-09-08 19:06:42,554 - TradingBot - INFO - Entry Signal Check (EMA Crossover): HOLD | Current Trend Memory: BULLISH
2025-09-08 19:06:43,568 - TradingBot - INFO - Applying core strategy to 0 bot trade(s).
2025-09-08 19:06:43,568 - TradingBot - INFO - Strategy: Running checks...
2025-09-08 19:06:43,568 - TradingBot - INFO - No open bot trades. Checking for new entry signal.
2025-09-08 19:06:43,568 - TradingBot - INFO - Entry Signal Check (EMA Crossover): HOLD | Current Trend Memory: BULLISH
2025-09-08 19:06:44,578 - TradingBot - INFO - Applying core strategy to 0 bot trade(s).
2025-09-08 19:06:44,578 - TradingBot - INFO - Strategy: Running checks...
2025-09-08 19:06:44,578 - TradingBot - INFO - No open bot trades. Checking for new entry signal.
2025-09-08 19:06:44,578 - TradingBot - INFO - Entry Signal Check (EMA Crossover): HOLD | Current Trend Memory: BULLISH
2025-09-08 19:06:45,588 - TradingBot - INFO - Applying core strategy to 0 bot trade(s).
2025-09-08 19:06:45,588 - TradingBot - INFO - Strategy: Running checks...
2025-09-08 19:06:45,588 - TradingBot - INFO - No open bot trades. Checking for new entry signal.
2025-09-08 19:06:45,588 - TradingBot - INFO - Entry Signal Check (EMA Crossover): HOLD | Current Trend Memory: BULLISH
2025-09-08 19:06:46,603 - TradingBot - INFO - Applying core strategy to 0 bot trade(s).
2025-09-08 19:06:46,603 - TradingBot - INFO - Strategy: Running checks...
2025-09-08 19:06:46,603 - TradingBot - INFO - No open bot trades. Checking for new entry signal.
2025-09-08 19:06:46,603 - TradingBot - INFO - Entry Signal Check (EMA Crossover): HOLD | Current Trend Memory: BULLISH
2025-09-08 19:06:47,614 - TradingBot - INFO - Applying core strategy to 0 bot trade(s).
2025-09-08 19:06:47,614 - TradingBot - INFO - Strategy: Running checks...
2025-09-08 19:06:47,614 - TradingBot - INFO - No open bot trades. Checking for new entry signal.
2025-09-08 19:06:47,614 - TradingBot - INFO - Entry Signal Check (EMA Crossover): HOLD | Current Trend Memory: BULLISH
2025-09-08 19:06:48,625 - TradingBot - INFO - Applying core strategy to 0 bot trade(s).
2025-09-08 19:06:48,625 - TradingBot - INFO - Strategy: Running checks...
2025-09-08 19:06:48,625 - TradingBot - INFO - No open bot trades. Checking for new entry signal.
2025-09-08 19:06:48,625 - TradingBot - INFO - Entry Signal Check (EMA Crossover): HOLD | Current Trend Memory: BULLISH
2025-09-08 19:06:49,635 - TradingBot - INFO - Applying core strategy to 0 bot trade(s).
2025-09-08 19:06:49,635 - TradingBot - INFO - Strategy: Running checks...
2025-09-08 19:06:49,635 - TradingBot - INFO - No open bot trades. Checking for new entry signal.
2025-09-08 19:06:49,635 - TradingBot - INFO - Entry Signal Check (EMA Crossover): HOLD | Current Trend Memory: BULLISH
2025-09-08 19:06:50,646 - TradingBot - INFO - Applying core strategy to 0 bot trade(s).
2025-09-08 19:06:50,646 - TradingBot - INFO - Strategy: Running checks...
2025-09-08 19:06:50,646 - TradingBot - INFO - No open bot trades. Checking for new entry signal.
2025-09-08 19:06:50,646 - TradingBot - INFO - Entry Signal Check (EMA Crossover): HOLD | Current Trend Memory: BULLISH
2025-09-08 19:06:51,657 - TradingBot - INFO - Applying core strategy to 0 bot trade(s).
2025-09-08 19:06:51,657 - TradingBot - INFO - Strategy: Running checks...
2025-09-08 19:06:51,657 - TradingBot - INFO - No open bot trades. Checking for new entry signal.
2025-09-08 19:06:51,657 - TradingBot - INFO - Entry Signal Check (EMA Crossover): HOLD | Current Trend Memory: BULLISH
2025-09-08 19:06:52,670 - TradingBot - INFO - Applying core strategy to 0 bot trade(s).
2025-09-08 19:06:52,670 - TradingBot - INFO - Strategy: Running checks...
2025-09-08 19:06:52,670 - TradingBot - INFO - No open bot trades. Checking for new entry signal.
2025-09-08 19:06:52,670 - TradingBot - INFO - Entry Signal Check (EMA Crossover): HOLD | Current Trend Memory: BULLISH
2025-09-08 19:06:53,681 - TradingBot - INFO - Applying core strategy to 0 bot trade(s).
2025-09-08 19:06:53,681 - TradingBot - INFO - Strategy: Running checks...
2025-09-08 19:06:53,681 - TradingBot - INFO - No open bot trades. Checking for new entry signal.
2025-09-08 19:06:53,681 - TradingBot - INFO - Entry Signal Check (EMA Crossover): HOLD | Current Trend Memory: BULLISH
2025-09-08 19:06:54,695 - TradingBot - INFO - Applying core strategy to 0 bot trade(s).
2025-09-08 19:06:54,695 - TradingBot - INFO - Strategy: Running checks...
2025-09-08 19:06:54,695 - TradingBot - INFO - No open bot trades. Checking for new entry signal.
2025-09-08 19:06:54,695 - TradingBot - INFO - Entry Signal Check (EMA Crossover): HOLD | Current Trend Memory: BULLISH
2025-09-08 19:06:55,707 - TradingBot - INFO - Applying core strategy to 0 bot trade(s).
2025-09-08 19:06:55,707 - TradingBot - INFO - Strategy: Running checks...
2025-09-08 19:06:55,707 - TradingBot - INFO - No open bot trades. Checking for new entry signal.
2025-09-08 19:06:55,707 - TradingBot - INFO - Entry Signal Check (EMA Crossover): HOLD | Current Trend Memory: BULLISH
2025-09-08 19:06:56,719 - TradingBot - INFO - Applying core strategy to 0 bot trade(s).
2025-09-08 19:06:56,719 - TradingBot - INFO - Strategy: Running checks...
2025-09-08 19:06:56,719 - TradingBot - INFO - No open bot trades. Checking for new entry signal.
2025-09-08 19:06:56,719 - TradingBot - INFO - Entry Signal Check (EMA Crossover): HOLD | Current Trend Memory: BULLISH
2025-09-08 19:06:57,728 - TradingBot - INFO - Applying core strategy to 0 bot trade(s).
2025-09-08 19:06:57,728 - TradingBot - INFO - Strategy: Running checks...
2025-09-08 19:06:57,728 - TradingBot - INFO - No open bot trades. Checking for new entry signal.
2025-09-08 19:06:57,728 - TradingBot - INFO - Entry Signal Check (EMA Crossover): HOLD | Current Trend Memory: BULLISH
2025-09-08 19:06:58,740 - TradingBot - INFO - Applying core strategy to 0 bot trade(s).
2025-09-08 19:06:58,740 - TradingBot - INFO - Strategy: Running checks...
2025-09-08 19:06:58,740 - TradingBot - INFO - No open bot trades. Checking for new entry signal.
2025-09-08 19:06:58,740 - TradingBot - INFO - Entry Signal Check (EMA Crossover): HOLD | Current Trend Memory: BULLISH
2025-09-08 19:06:59,753 - TradingBot - INFO - Applying core strategy to 0 bot trade(s).
2025-09-08 19:06:59,753 - TradingBot - INFO - Strategy: Running checks...
2025-09-08 19:06:59,753 - TradingBot - INFO - No open bot trades. Checking for new entry signal.
2025-09-08 19:06:59,753 - TradingBot - INFO - Entry Signal Check (EMA Crossover): HOLD | Current Trend Memory: BULLISH
2025-09-08 19:07:00,763 - TradingBot - INFO - Applying core strategy to 0 bot trade(s).
2025-09-08 19:07:00,763 - TradingBot - INFO - Strategy: Running checks...
2025-09-08 19:07:00,763 - TradingBot - INFO - No open bot trades. Checking for new entry signal.
2025-09-08 19:07:00,779 - TradingBot - INFO - Entry Signal Check (EMA Crossover): HOLD | Current Trend Memory: BULLISH
2025-09-08 19:07:01,782 - TradingBot - INFO - Applying core strategy to 0 bot trade(s).
2025-09-08 19:07:01,782 - TradingBot - INFO - Strategy: Running checks...
2025-09-08 19:07:01,782 - TradingBot - INFO - No open bot trades. Checking for new entry signal.
2025-09-08 19:07:01,798 - TradingBot - INFO - Entry Signal Check (EMA Crossover): HOLD | Current Trend Memory: BULLISH
2025-09-08 19:07:02,804 - TradingBot - INFO - Applying core strategy to 0 bot trade(s).
2025-09-08 19:07:02,804 - TradingBot - INFO - Strategy: Running checks...
2025-09-08 19:07:02,804 - TradingBot - INFO - No open bot trades. Checking for new entry signal.
2025-09-08 19:07:02,804 - TradingBot - INFO - Entry Signal Check (EMA Crossover): HOLD | Current Trend Memory: BULLISH
2025-09-08 19:07:03,816 - TradingBot - INFO - Applying core strategy to 0 bot trade(s).
2025-09-08 19:07:03,816 - TradingBot - INFO - Strategy: Running checks...
2025-09-08 19:07:03,816 - TradingBot - INFO - No open bot trades. Checking for new entry signal.
2025-09-08 19:07:03,816 - TradingBot - INFO - Entry Signal Check (EMA Crossover): HOLD | Current Trend Memory: BULLISH
2025-09-08 19:07:04,832 - TradingBot - INFO - Applying core strategy to 0 bot trade(s).
2025-09-08 19:07:04,832 - TradingBot - INFO - Strategy: Running checks...
2025-09-08 19:07:04,832 - TradingBot - INFO - No open bot trades. Checking for new entry signal.
2025-09-08 19:07:04,832 - TradingBot - INFO - Entry Signal Check (EMA Crossover): HOLD | Current Trend Memory: BULLISH
2025-09-08 19:07:05,847 - TradingBot - INFO - Applying core strategy to 0 bot trade(s).
2025-09-08 19:07:05,847 - TradingBot - INFO - Strategy: Running checks...
2025-09-08 19:07:05,847 - TradingBot - INFO - No open bot trades. Checking for new entry signal.
2025-09-08 19:07:05,847 - TradingBot - INFO - Entry Signal Check (EMA Crossover): HOLD | Current Trend Memory: BULLISH
2025-09-08 19:07:06,857 - TradingBot - INFO - Applying core strategy to 0 bot trade(s).
2025-09-08 19:07:06,857 - TradingBot - INFO - Strategy: Running checks...
2025-09-08 19:07:06,857 - TradingBot - INFO - No open bot trades. Checking for new entry signal.
2025-09-08 19:07:06,857 - TradingBot - INFO - Entry Signal Check (EMA Crossover): HOLD | Current Trend Memory: BULLISH
2025-09-08 19:07:07,868 - TradingBot - INFO - Applying core strategy to 0 bot trade(s).
2025-09-08 19:07:07,868 - TradingBot - INFO - Strategy: Running checks...
2025-09-08 19:07:07,868 - TradingBot - INFO - No open bot trades. Checking for new entry signal.
2025-09-08 19:07:07,868 - TradingBot - INFO - Entry Signal Check (EMA Crossover): HOLD | Current Trend Memory: BULLISH
2025-09-08 19:07:08,879 - TradingBot - INFO - Applying core strategy to 0 bot trade(s).
2025-09-08 19:07:08,879 - TradingBot - INFO - Strategy: Running checks...
2025-09-08 19:07:08,879 - TradingBot - INFO - No open bot trades. Checking for new entry signal.
2025-09-08 19:07:08,879 - TradingBot - INFO - Entry Signal Check (EMA Crossover): HOLD | Current Trend Memory: BULLISH
2025-09-08 19:07:09,891 - TradingBot - INFO - Applying core strategy to 0 bot trade(s).
2025-09-08 19:07:09,891 - TradingBot - INFO - Strategy: Running checks...
2025-09-08 19:07:09,891 - TradingBot - INFO - No open bot trades. Checking for new entry signal.
2025-09-08 19:07:09,891 - TradingBot - INFO - Entry Signal Check (EMA Crossover): HOLD | Current Trend Memory: BULLISH
2025-09-08 19:07:10,904 - TradingBot - INFO - Applying core strategy to 0 bot trade(s).
2025-09-08 19:07:10,904 - TradingBot - INFO - Strategy: Running checks...
2025-09-08 19:07:10,904 - TradingBot - INFO - No open bot trades. Checking for new entry signal.
2025-09-08 19:07:10,904 - TradingBot - INFO - Entry Signal Check (EMA Crossover): HOLD | Current Trend Memory: BULLISH
2025-09-08 19:07:11,917 - TradingBot - INFO - Applying core strategy to 0 bot trade(s).
2025-09-08 19:07:11,917 - TradingBot - INFO - Strategy: Running checks...
2025-09-08 19:07:11,917 - TradingBot - INFO - No open bot trades. Checking for new entry signal.
2025-09-08 19:07:11,917 - TradingBot - INFO - Entry Signal Check (EMA Crossover): HOLD | Current Trend Memory: BULLISH
2025-09-08 19:07:12,932 - TradingBot - INFO - Applying core strategy to 0 bot trade(s).
2025-09-08 19:07:12,932 - TradingBot - INFO - Strategy: Running checks...
2025-09-08 19:07:12,932 - TradingBot - INFO - No open bot trades. Checking for new entry signal.
2025-09-08 19:07:12,932 - TradingBot - INFO - Entry Signal Check (EMA Crossover): HOLD | Current Trend Memory: BULLISH
2025-09-08 19:07:13,944 - TradingBot - INFO - Applying core strategy to 0 bot trade(s).
2025-09-08 19:07:13,944 - TradingBot - INFO - Strategy: Running checks...
2025-09-08 19:07:13,944 - TradingBot - INFO - No open bot trades. Checking for new entry signal.
2025-09-08 19:07:13,944 - TradingBot - INFO - Entry Signal Check (EMA Crossover): HOLD | Current Trend Memory: BULLISH
2025-09-08 19:07:14,954 - TradingBot - INFO - Applying core strategy to 0 bot trade(s).
2025-09-08 19:07:14,954 - TradingBot - INFO - Strategy: Running checks...
2025-09-08 19:07:14,954 - TradingBot - INFO - No open bot trades. Checking for new entry signal.
2025-09-08 19:07:14,954 - TradingBot - INFO - Entry Signal Check (EMA Crossover): HOLD | Current Trend Memory: BULLISH
2025-09-08 19:07:15,970 - TradingBot - INFO - Applying core strategy to 0 bot trade(s).
2025-09-08 19:07:15,970 - TradingBot - INFO - Strategy: Running checks...
2025-09-08 19:07:15,970 - TradingBot - INFO - No open bot trades. Checking for new entry signal.
2025-09-08 19:07:15,970 - TradingBot - INFO - Entry Signal Check (EMA Crossover): HOLD | Current Trend Memory: BULLISH
2025-09-08 19:07:16,981 - TradingBot - INFO - Applying core strategy to 0 bot trade(s).
2025-09-08 19:07:16,981 - TradingBot - INFO - Strategy: Running checks...
2025-09-08 19:07:16,981 - TradingBot - INFO - No open bot trades. Checking for new entry signal.
2025-09-08 19:07:16,981 - TradingBot - INFO - Entry Signal Check (EMA Crossover): HOLD | Current Trend Memory: BULLISH
2025-09-08 19:07:17,996 - TradingBot - INFO - Applying core strategy to 0 bot trade(s).
2025-09-08 19:07:17,996 - TradingBot - INFO - Strategy: Running checks...
2025-09-08 19:07:17,996 - TradingBot - INFO - No open bot trades. Checking for new entry signal.
2025-09-08 19:07:17,996 - TradingBot - INFO - Entry Signal Check (EMA Crossover): HOLD | Current Trend Memory: BULLISH
2025-09-08 19:07:19,010 - TradingBot - INFO - Applying core strategy to 0 bot trade(s).
2025-09-08 19:07:19,010 - TradingBot - INFO - Strategy: Running checks...
2025-09-08 19:07:19,010 - TradingBot - INFO - No open bot trades. Checking for new entry signal.
2025-09-08 19:07:19,010 - TradingBot - INFO - Entry Signal Check (EMA Crossover): HOLD | Current Trend Memory: BULLISH
2025-09-08 19:07:20,027 - TradingBot - INFO - Applying core strategy to 0 bot trade(s).
2025-09-08 19:07:20,027 - TradingBot - INFO - Strategy: Running checks...
2025-09-08 19:07:20,027 - TradingBot - INFO - No open bot trades. Checking for new entry signal.
2025-09-08 19:07:20,027 - TradingBot - INFO - Entry Signal Check (EMA Crossover): HOLD | Current Trend Memory: BULLISH
2025-09-08 19:07:21,040 - TradingBot - INFO - Applying core strategy to 0 bot trade(s).
2025-09-08 19:07:21,040 - TradingBot - INFO - Strategy: Running checks...
2025-09-08 19:07:21,040 - TradingBot - INFO - No open bot trades. Checking for new entry signal.
2025-09-08 19:07:21,040 - TradingBot - INFO - Entry Signal Check (EMA Crossover): HOLD | Current Trend Memory: BULLISH
2025-09-08 19:07:22,053 - TradingBot - INFO - Applying core strategy to 0 bot trade(s).
2025-09-08 19:07:22,053 - TradingBot - INFO - Strategy: Running checks...
2025-09-08 19:07:22,053 - TradingBot - INFO - No open bot trades. Checking for new entry signal.
2025-09-08 19:07:22,053 - TradingBot - INFO - Entry Signal Check (EMA Crossover): HOLD | Current Trend Memory: BULLISH
2025-09-08 19:07:23,067 - TradingBot - INFO - Applying core strategy to 0 bot trade(s).
2025-09-08 19:07:23,067 - TradingBot - INFO - Strategy: Running checks...
2025-09-08 19:07:23,067 - TradingBot - INFO - No open bot trades. Checking for new entry signal.
2025-09-08 19:07:23,067 - TradingBot - INFO - Entry Signal Check (EMA Crossover): HOLD | Current Trend Memory: BULLISH
2025-09-08 19:07:24,078 - TradingBot - INFO - Applying core strategy to 0 bot trade(s).
2025-09-08 19:07:24,078 - TradingBot - INFO - Strategy: Running checks...
2025-09-08 19:07:24,078 - TradingBot - INFO - No open bot trades. Checking for new entry signal.
2025-09-08 19:07:24,078 - TradingBot - INFO - Entry Signal Check (EMA Crossover): HOLD | Current Trend Memory: BULLISH
2025-09-08 19:07:25,093 - TradingBot - INFO - Applying core strategy to 0 bot trade(s).
2025-09-08 19:07:25,093 - TradingBot - INFO - Strategy: Running checks...
2025-09-08 19:07:25,093 - TradingBot - INFO - No open bot trades. Checking for new entry signal.
2025-09-08 19:07:25,093 - TradingBot - INFO - Entry Signal Check (EMA Crossover): HOLD | Current Trend Memory: BULLISH
2025-09-08 19:07:26,104 - TradingBot - INFO - Applying core strategy to 0 bot trade(s).
2025-09-08 19:07:26,104 - TradingBot - INFO - Strategy: Running checks...
2025-09-08 19:07:26,104 - TradingBot - INFO - No open bot trades. Checking for new entry signal.
2025-09-08 19:07:26,104 - TradingBot - INFO - Entry Signal Check (EMA Crossover): HOLD | Current Trend Memory: BULLISH
2025-09-08 19:07:27,115 - TradingBot - INFO - Applying core strategy to 0 bot trade(s).
2025-09-08 19:07:27,115 - TradingBot - INFO - Strategy: Running checks...
2025-09-08 19:07:27,115 - TradingBot - INFO - No open bot trades. Checking for new entry signal.
2025-09-08 19:07:27,115 - TradingBot - INFO - Entry Signal Check (EMA Crossover): HOLD | Current Trend Memory: BULLISH
2025-09-08 19:07:28,128 - TradingBot - INFO - Applying core strategy to 0 bot trade(s).
2025-09-08 19:07:28,128 - TradingBot - INFO - Strategy: Running checks...
2025-09-08 19:07:28,128 - TradingBot - INFO - No open bot trades. Checking for new entry signal.
2025-09-08 19:07:28,128 - TradingBot - INFO - Entry Signal Check (EMA Crossover): HOLD | Current Trend Memory: BULLISH
2025-09-08 19:07:29,141 - TradingBot - INFO - Applying core strategy to 0 bot trade(s).
2025-09-08 19:07:29,141 - TradingBot - INFO - Strategy: Running checks...
2025-09-08 19:07:29,141 - TradingBot - INFO - No open bot trades. Checking for new entry signal.
2025-09-08 19:07:29,141 - TradingBot - INFO - Entry Signal Check (EMA Crossover): HOLD | Current Trend Memory: BULLISH
2025-09-08 19:07:30,153 - TradingBot - INFO - Applying core strategy to 0 bot trade(s).
2025-09-08 19:07:30,153 - TradingBot - INFO - Strategy: Running checks...
2025-09-08 19:07:30,153 - TradingBot - INFO - No open bot trades. Checking for new entry signal.
2025-09-08 19:07:30,153 - TradingBot - INFO - Entry Signal Check (EMA Crossover): HOLD | Current Trend Memory: BULLISH
2025-09-08 19:07:31,166 - TradingBot - INFO - Applying core strategy to 0 bot trade(s).
2025-09-08 19:07:31,166 - TradingBot - INFO - Strategy: Running checks...
2025-09-08 19:07:31,166 - TradingBot - INFO - No open bot trades. Checking for new entry signal.
2025-09-08 19:07:31,166 - TradingBot - INFO - Entry Signal Check (EMA Crossover): HOLD | Current Trend Memory: BULLISH
2025-09-08 19:07:32,177 - TradingBot - INFO - Applying core strategy to 0 bot trade(s).
2025-09-08 19:07:32,177 - TradingBot - INFO - Strategy: Running checks...
2025-09-08 19:07:32,177 - TradingBot - INFO - No open bot trades. Checking for new entry signal.
2025-09-08 19:07:32,177 - TradingBot - INFO - Entry Signal Check (EMA Crossover): HOLD | Current Trend Memory: BULLISH
2025-09-08 19:07:33,188 - TradingBot - INFO - Applying core strategy to 0 bot trade(s).
2025-09-08 19:07:33,188 - TradingBot - INFO - Strategy: Running checks...
2025-09-08 19:07:33,188 - TradingBot - INFO - No open bot trades. Checking for new entry signal.
2025-09-08 19:07:33,204 - TradingBot - INFO - Entry Signal Check (EMA Crossover): HOLD | Current Trend Memory: BULLISH
2025-09-08 19:07:34,207 - TradingBot - INFO - Applying core strategy to 0 bot trade(s).
2025-09-08 19:07:34,207 - TradingBot - INFO - Strategy: Running checks...
2025-09-08 19:07:34,207 - TradingBot - INFO - No open bot trades. Checking for new entry signal.
2025-09-08 19:07:34,223 - TradingBot - INFO - Entry Signal Check (EMA Crossover): HOLD | Current Trend Memory: BULLISH
2025-09-08 19:07:35,225 - TradingBot - INFO - Applying core strategy to 0 bot trade(s).
2025-09-08 19:07:35,225 - TradingBot - INFO - Strategy: Running checks...
2025-09-08 19:07:35,225 - TradingBot - INFO - No open bot trades. Checking for new entry signal.
2025-09-08 19:07:35,257 - TradingBot - INFO - Entry Signal Check (EMA Crossover): HOLD | Current Trend Memory: BULLISH
2025-09-08 19:07:36,268 - TradingBot - INFO - Applying core strategy to 0 bot trade(s).
2025-09-08 19:07:36,268 - TradingBot - INFO - Strategy: Running checks...
2025-09-08 19:07:36,268 - TradingBot - INFO - No open bot trades. Checking for new entry signal.
2025-09-08 19:07:36,268 - TradingBot - INFO - Entry Signal Check (EMA Crossover): HOLD | Current Trend Memory: BULLISH
2025-09-08 19:07:37,279 - TradingBot - INFO - Applying core strategy to 0 bot trade(s).
2025-09-08 19:07:37,279 - TradingBot - INFO - Strategy: Running checks...
2025-09-08 19:07:37,279 - TradingBot - INFO - No open bot trades. Checking for new entry signal.
2025-09-08 19:07:37,279 - TradingBot - INFO - Entry Signal Check (EMA Crossover): HOLD | Current Trend Memory: BULLISH
2025-09-08 19:07:38,290 - TradingBot - INFO - Applying core strategy to 0 bot trade(s).
2025-09-08 19:07:38,290 - TradingBot - INFO - Strategy: Running checks...
2025-09-08 19:07:38,290 - TradingBot - INFO - No open bot trades. Checking for new entry signal.
2025-09-08 19:07:38,290 - TradingBot - INFO - Entry Signal Check (EMA Crossover): HOLD | Current Trend Memory: BULLISH
2025-09-08 19:07:39,301 - TradingBot - INFO - Applying core strategy to 0 bot trade(s).
2025-09-08 19:07:39,301 - TradingBot - INFO - Strategy: Running checks...
2025-09-08 19:07:39,301 - TradingBot - INFO - No open bot trades. Checking for new entry signal.
2025-09-08 19:07:39,301 - TradingBot - INFO - Entry Signal Check (EMA Crossover): HOLD | Current Trend Memory: BULLISH
2025-09-08 19:07:40,311 - TradingBot - INFO - Applying core strategy to 0 bot trade(s).
2025-09-08 19:07:40,311 - TradingBot - INFO - Strategy: Running checks...
2025-09-08 19:07:40,311 - TradingBot - INFO - No open bot trades. Checking for new entry signal.
2025-09-08 19:07:40,311 - TradingBot - INFO - Entry Signal Check (EMA Crossover): HOLD | Current Trend Memory: BULLISH
2025-09-08 19:07:41,323 - TradingBot - INFO - Applying core strategy to 0 bot trade(s).
2025-09-08 19:07:41,323 - TradingBot - INFO - Strategy: Running checks...
2025-09-08 19:07:41,323 - TradingBot - INFO - No open bot trades. Checking for new entry signal.
2025-09-08 19:07:41,323 - TradingBot - INFO - Entry Signal Check (EMA Crossover): HOLD | Current Trend Memory: BULLISH
2025-09-08 19:07:42,334 - TradingBot - INFO - Applying core strategy to 0 bot trade(s).
2025-09-08 19:07:42,334 - TradingBot - INFO - Strategy: Running checks...
2025-09-08 19:07:42,334 - TradingBot - INFO - No open bot trades. Checking for new entry signal.
2025-09-08 19:07:42,334 - TradingBot - INFO - Entry Signal Check (EMA Crossover): HOLD | Current Trend Memory: BULLISH
2025-09-08 19:07:43,344 - TradingBot - INFO - Applying core strategy to 0 bot trade(s).
2025-09-08 19:07:43,344 - TradingBot - INFO - Strategy: Running checks...
2025-09-08 19:07:43,344 - TradingBot - INFO - No open bot trades. Checking for new entry signal.
2025-09-08 19:07:43,344 - TradingBot - INFO - Entry Signal Check (EMA Crossover): HOLD | Current Trend Memory: BULLISH
2025-09-08 19:07:44,355 - TradingBot - INFO - Applying core strategy to 0 bot trade(s).
2025-09-08 19:07:44,355 - TradingBot - INFO - Strategy: Running checks...
2025-09-08 19:07:44,355 - TradingBot - INFO - No open bot trades. Checking for new entry signal.
2025-09-08 19:07:44,355 - TradingBot - INFO - Entry Signal Check (EMA Crossover): HOLD | Current Trend Memory: BULLISH
2025-09-08 19:07:45,367 - TradingBot - INFO - Applying core strategy to 0 bot trade(s).
2025-09-08 19:07:45,367 - TradingBot - INFO - Strategy: Running checks...
2025-09-08 19:07:45,367 - TradingBot - INFO - No open bot trades. Checking for new entry signal.
2025-09-08 19:07:45,367 - TradingBot - INFO - Entry Signal Check (EMA Crossover): HOLD | Current Trend Memory: BULLISH
2025-09-08 19:07:46,379 - TradingBot - INFO - Applying core strategy to 0 bot trade(s).
2025-09-08 19:07:46,379 - TradingBot - INFO - Strategy: Running checks...
2025-09-08 19:07:46,379 - TradingBot - INFO - No open bot trades. Checking for new entry signal.
2025-09-08 19:07:46,379 - TradingBot - INFO - Entry Signal Check (EMA Crossover): HOLD | Current Trend Memory: BULLISH
2025-09-08 19:07:47,391 - TradingBot - INFO - Applying core strategy to 0 bot trade(s).
2025-09-08 19:07:47,391 - TradingBot - INFO - Strategy: Running checks...
2025-09-08 19:07:47,391 - TradingBot - INFO - No open bot trades. Checking for new entry signal.
2025-09-08 19:07:47,391 - TradingBot - INFO - Entry Signal Check (EMA Crossover): HOLD | Current Trend Memory: BULLISH
2025-09-08 19:07:48,402 - TradingBot - INFO - Applying core strategy to 0 bot trade(s).
2025-09-08 19:07:48,402 - TradingBot - INFO - Strategy: Running checks...
2025-09-08 19:07:48,402 - TradingBot - INFO - No open bot trades. Checking for new entry signal.
2025-09-08 19:07:48,402 - TradingBot - INFO - Entry Signal Check (EMA Crossover): HOLD | Current Trend Memory: BULLISH
2025-09-08 19:07:49,418 - TradingBot - INFO - Applying core strategy to 0 bot trade(s).
2025-09-08 19:07:49,418 - TradingBot - INFO - Strategy: Running checks...
2025-09-08 19:07:49,418 - TradingBot - INFO - No open bot trades. Checking for new entry signal.
2025-09-08 19:07:49,418 - TradingBot - INFO - Entry Signal Check (EMA Crossover): HOLD | Current Trend Memory: BULLISH
2025-09-08 19:07:50,431 - TradingBot - INFO - Applying core strategy to 0 bot trade(s).
2025-09-08 19:07:50,431 - TradingBot - INFO - Strategy: Running checks...
2025-09-08 19:07:50,431 - TradingBot - INFO - No open bot trades. Checking for new entry signal.
2025-09-08 19:07:50,431 - TradingBot - INFO - Entry Signal Check (EMA Crossover): HOLD | Current Trend Memory: BULLISH
2025-09-08 19:07:51,446 - TradingBot - INFO - Applying core strategy to 0 bot trade(s).
2025-09-08 19:07:51,446 - TradingBot - INFO - Strategy: Running checks...
2025-09-08 19:07:51,446 - TradingBot - INFO - No open bot trades. Checking for new entry signal.
2025-09-08 19:07:51,446 - TradingBot - INFO - Entry Signal Check (EMA Crossover): HOLD | Current Trend Memory: BULLISH
2025-09-08 19:07:52,462 - TradingBot - INFO - Applying core strategy to 0 bot trade(s).
2025-09-08 19:07:52,462 - TradingBot - INFO - Strategy: Running checks...
2025-09-08 19:07:52,462 - TradingBot - INFO - No open bot trades. Checking for new entry signal.
2025-09-08 19:07:52,462 - TradingBot - INFO - Entry Signal Check (EMA Crossover): HOLD | Current Trend Memory: BULLISH
2025-09-08 19:07:53,474 - TradingBot - INFO - Applying core strategy to 0 bot trade(s).
2025-09-08 19:07:53,474 - TradingBot - INFO - Strategy: Running checks...
2025-09-08 19:07:53,474 - TradingBot - INFO - No open bot trades. Checking for new entry signal.
2025-09-08 19:07:53,474 - TradingBot - INFO - Entry Signal Check (EMA Crossover): HOLD | Current Trend Memory: BULLISH
2025-09-08 19:07:54,484 - TradingBot - INFO - Applying core strategy to 0 bot trade(s).
2025-09-08 19:07:54,484 - TradingBot - INFO - Strategy: Running checks...
2025-09-08 19:07:54,484 - TradingBot - INFO - No open bot trades. Checking for new entry signal.
2025-09-08 19:07:54,484 - TradingBot - INFO - Entry Signal Check (EMA Crossover): HOLD | Current Trend Memory: BULLISH
2025-09-08 19:07:55,497 - TradingBot - INFO - Applying core strategy to 0 bot trade(s).
2025-09-08 19:07:55,497 - TradingBot - INFO - Strategy: Running checks...
2025-09-08 19:07:55,497 - TradingBot - INFO - No open bot trades. Checking for new entry signal.
2025-09-08 19:07:55,497 - TradingBot - INFO - Entry Signal Check (EMA Crossover): HOLD | Current Trend Memory: BULLISH
2025-09-08 19:07:56,509 - TradingBot - INFO - Applying core strategy to 0 bot trade(s).
2025-09-08 19:07:56,509 - TradingBot - INFO - Strategy: Running checks...
2025-09-08 19:07:56,509 - TradingBot - INFO - No open bot trades. Checking for new entry signal.
2025-09-08 19:07:56,509 - TradingBot - INFO - Entry Signal Check (EMA Crossover): HOLD | Current Trend Memory: BULLISH
2025-09-08 19:07:57,521 - TradingBot - INFO - Applying core strategy to 0 bot trade(s).
2025-09-08 19:07:57,521 - TradingBot - INFO - Strategy: Running checks...
2025-09-08 19:07:57,521 - TradingBot - INFO - No open bot trades. Checking for new entry signal.
2025-09-08 19:07:57,521 - TradingBot - INFO - Entry Signal Check (EMA Crossover): HOLD | Current Trend Memory: BULLISH
2025-09-08 19:07:58,532 - TradingBot - INFO - Applying core strategy to 0 bot trade(s).
2025-09-08 19:07:58,532 - TradingBot - INFO - Strategy: Running checks...
2025-09-08 19:07:58,532 - TradingBot - INFO - No open bot trades. Checking for new entry signal.
2025-09-08 19:07:58,532 - TradingBot - INFO - Entry Signal Check (EMA Crossover): HOLD | Current Trend Memory: BULLISH
2025-09-08 19:07:59,543 - TradingBot - INFO - Applying core strategy to 0 bot trade(s).
2025-09-08 19:07:59,543 - TradingBot - INFO - Strategy: Running checks...
2025-09-08 19:07:59,543 - TradingBot - INFO - No open bot trades. Checking for new entry signal.
2025-09-08 19:07:59,559 - TradingBot - INFO - Entry Signal Check (EMA Crossover): HOLD | Current Trend Memory: BULLISH
2025-09-08 19:08:00,561 - TradingBot - INFO - Applying core strategy to 0 bot trade(s).
2025-09-08 19:08:00,561 - TradingBot - INFO - Strategy: Running checks...
2025-09-08 19:08:00,561 - TradingBot - INFO - No open bot trades. Checking for new entry signal.
2025-09-08 19:08:00,561 - TradingBot - INFO - Entry Signal Check (EMA Crossover): HOLD | Current Trend Memory: BULLISH
2025-09-08 19:08:01,572 - TradingBot - INFO - Applying core strategy to 0 bot trade(s).
2025-09-08 19:08:01,572 - TradingBot - INFO - Strategy: Running checks...
2025-09-08 19:08:01,572 - TradingBot - INFO - No open bot trades. Checking for new entry signal.
2025-09-08 19:08:01,572 - TradingBot - INFO - Entry Signal Check (EMA Crossover): HOLD | Current Trend Memory: BULLISH
2025-09-08 19:08:02,584 - TradingBot - INFO - Applying core strategy to 0 bot trade(s).
2025-09-08 19:08:02,584 - TradingBot - INFO - Strategy: Running checks...
2025-09-08 19:08:02,584 - TradingBot - INFO - No open bot trades. Checking for new entry signal.
2025-09-08 19:08:02,600 - TradingBot - INFO - Entry Signal Check (EMA Crossover): HOLD | Current Trend Memory: BULLISH
2025-09-08 19:08:03,609 - TradingBot - INFO - Applying core strategy to 0 bot trade(s).
2025-09-08 19:08:03,609 - TradingBot - INFO - Strategy: Running checks...
2025-09-08 19:08:03,609 - TradingBot - INFO - No open bot trades. Checking for new entry signal.
2025-09-08 19:08:03,609 - TradingBot - INFO - Entry Signal Check (EMA Crossover): HOLD | Current Trend Memory: BULLISH
2025-09-08 19:08:04,621 - TradingBot - INFO - Applying core strategy to 0 bot trade(s).
2025-09-08 19:08:04,621 - TradingBot - INFO - Strategy: Running checks...
2025-09-08 19:08:04,621 - TradingBot - INFO - No open bot trades. Checking for new entry signal.
2025-09-08 19:08:04,621 - TradingBot - INFO - Entry Signal Check (EMA Crossover): HOLD | Current Trend Memory: BULLISH
2025-09-08 19:08:05,633 - TradingBot - INFO - Applying core strategy to 0 bot trade(s).
2025-09-08 19:08:05,633 - TradingBot - INFO - Strategy: Running checks...
2025-09-08 19:08:05,633 - TradingBot - INFO - No open bot trades. Checking for new entry signal.
2025-09-08 19:08:05,633 - TradingBot - INFO - Entry Signal Check (EMA Crossover): HOLD | Current Trend Memory: BULLISH
2025-09-08 19:08:06,643 - TradingBot - INFO - Applying core strategy to 0 bot trade(s).
2025-09-08 19:08:06,643 - TradingBot - INFO - Strategy: Running checks...
2025-09-08 19:08:06,643 - TradingBot - INFO - No open bot trades. Checking for new entry signal.
2025-09-08 19:08:06,643 - TradingBot - INFO - Entry Signal Check (EMA Crossover): HOLD | Current Trend Memory: BULLISH
2025-09-08 19:08:07,654 - TradingBot - INFO - Applying core strategy to 0 bot trade(s).
2025-09-08 19:08:07,654 - TradingBot - INFO - Strategy: Running checks...
2025-09-08 19:08:07,654 - TradingBot - INFO - No open bot trades. Checking for new entry signal.
2025-09-08 19:08:07,654 - TradingBot - INFO - Entry Signal Check (EMA Crossover): HOLD | Current Trend Memory: BULLISH
2025-09-08 19:08:08,668 - TradingBot - INFO - Applying core strategy to 0 bot trade(s).
2025-09-08 19:08:08,668 - TradingBot - INFO - Strategy: Running checks...
2025-09-08 19:08:08,668 - TradingBot - INFO - No open bot trades. Checking for new entry signal.
2025-09-08 19:08:08,668 - TradingBot - INFO - Entry Signal Check (EMA Crossover): HOLD | Current Trend Memory: BULLISH
2025-09-08 19:08:09,683 - TradingBot - INFO - Applying core strategy to 0 bot trade(s).
2025-09-08 19:08:09,683 - TradingBot - INFO - Strategy: Running checks...
2025-09-08 19:08:09,683 - TradingBot - INFO - No open bot trades. Checking for new entry signal.
2025-09-08 19:08:09,683 - TradingBot - INFO - Entry Signal Check (EMA Crossover): HOLD | Current Trend Memory: BULLISH
2025-09-08 19:08:10,695 - TradingBot - INFO - Applying core strategy to 0 bot trade(s).
2025-09-08 19:08:10,695 - TradingBot - INFO - Strategy: Running checks...
2025-09-08 19:08:10,695 - TradingBot - INFO - No open bot trades. Checking for new entry signal.
2025-09-08 19:08:10,695 - TradingBot - INFO - Entry Signal Check (EMA Crossover): HOLD | Current Trend Memory: BULLISH
2025-09-08 19:08:11,708 - TradingBot - INFO - Applying core strategy to 0 bot trade(s).
2025-09-08 19:08:11,708 - TradingBot - INFO - Strategy: Running checks...
2025-09-08 19:08:11,708 - TradingBot - INFO - No open bot trades. Checking for new entry signal.
2025-09-08 19:08:11,708 - TradingBot - INFO - Entry Signal Check (EMA Crossover): HOLD | Current Trend Memory: BULLISH
2025-09-08 19:08:12,724 - TradingBot - INFO - Applying core strategy to 0 bot trade(s).
2025-09-08 19:08:12,724 - TradingBot - INFO - Strategy: Running checks...
2025-09-08 19:08:12,724 - TradingBot - INFO - No open bot trades. Checking for new entry signal.
2025-09-08 19:08:12,724 - TradingBot - INFO - Entry Signal Check (EMA Crossover): HOLD | Current Trend Memory: BULLISH
2025-09-08 19:08:13,736 - TradingBot - INFO - Applying core strategy to 0 bot trade(s).
2025-09-08 19:08:13,736 - TradingBot - INFO - Strategy: Running checks...
2025-09-08 19:08:13,736 - TradingBot - INFO - No open bot trades. Checking for new entry signal.
2025-09-08 19:08:13,736 - TradingBot - INFO - Entry Signal Check (EMA Crossover): HOLD | Current Trend Memory: BULLISH
2025-09-08 19:08:14,750 - TradingBot - INFO - Applying core strategy to 0 bot trade(s).
2025-09-08 19:08:14,750 - TradingBot - INFO - Strategy: Running checks...
2025-09-08 19:08:14,750 - TradingBot - INFO - No open bot trades. Checking for new entry signal.
2025-09-08 19:08:14,750 - TradingBot - INFO - Entry Signal Check (EMA Crossover): HOLD | Current Trend Memory: BULLISH
2025-09-08 19:08:15,767 - TradingBot - INFO - Applying core strategy to 0 bot trade(s).
2025-09-08 19:08:15,767 - TradingBot - INFO - Strategy: Running checks...
2025-09-08 19:08:15,767 - TradingBot - INFO - No open bot trades. Checking for new entry signal.
2025-09-08 19:08:15,767 - TradingBot - INFO - Entry Signal Check (EMA Crossover): HOLD | Current Trend Memory: BULLISH
2025-09-08 19:08:16,780 - TradingBot - INFO - Applying core strategy to 0 bot trade(s).
2025-09-08 19:08:16,780 - TradingBot - INFO - Strategy: Running checks...
2025-09-08 19:08:16,780 - TradingBot - INFO - No open bot trades. Checking for new entry signal.
2025-09-08 19:08:16,780 - TradingBot - INFO - Entry Signal Check (EMA Crossover): HOLD | Current Trend Memory: BULLISH
2025-09-08 19:08:17,791 - TradingBot - INFO - Applying core strategy to 0 bot trade(s).
2025-09-08 19:08:17,791 - TradingBot - INFO - Strategy: Running checks...
2025-09-08 19:08:17,791 - TradingBot - INFO - No open bot trades. Checking for new entry signal.
2025-09-08 19:08:17,791 - TradingBot - INFO - Entry Signal Check (EMA Crossover): HOLD | Current Trend Memory: BULLISH
2025-09-08 19:08:18,805 - TradingBot - INFO - Applying core strategy to 0 bot trade(s).
2025-09-08 19:08:18,805 - TradingBot - INFO - Strategy: Running checks...
2025-09-08 19:08:18,805 - TradingBot - INFO - No open bot trades. Checking for new entry signal.
2025-09-08 19:08:18,805 - TradingBot - INFO - Entry Signal Check (EMA Crossover): HOLD | Current Trend Memory: BULLISH
2025-09-08 19:08:19,816 - TradingBot - INFO - Applying core strategy to 0 bot trade(s).
2025-09-08 19:08:19,816 - TradingBot - INFO - Strategy: Running checks...
2025-09-08 19:08:19,816 - TradingBot - INFO - No open bot trades. Checking for new entry signal.
2025-09-08 19:08:19,816 - TradingBot - INFO - Entry Signal Check (EMA Crossover): HOLD | Current Trend Memory: BULLISH
2025-09-08 19:08:20,829 - TradingBot - INFO - Applying core strategy to 0 bot trade(s).
2025-09-08 19:08:20,829 - TradingBot - INFO - Strategy: Running checks...
2025-09-08 19:08:20,829 - TradingBot - INFO - No open bot trades. Checking for new entry signal.
2025-09-08 19:08:20,844 - TradingBot - INFO - Entry Signal Check (EMA Crossover): HOLD | Current Trend Memory: BULLISH
2025-09-08 19:08:21,846 - TradingBot - INFO - Applying core strategy to 0 bot trade(s).
2025-09-08 19:08:21,846 - TradingBot - INFO - Strategy: Running checks...
2025-09-08 19:08:21,846 - TradingBot - INFO - No open bot trades. Checking for new entry signal.
2025-09-08 19:08:21,846 - TradingBot - INFO - Entry Signal Check (EMA Crossover): HOLD | Current Trend Memory: BULLISH
2025-09-08 19:08:22,857 - TradingBot - INFO - Applying core strategy to 0 bot trade(s).
2025-09-08 19:08:22,857 - TradingBot - INFO - Strategy: Running checks...
2025-09-08 19:08:22,857 - TradingBot - INFO - No open bot trades. Checking for new entry signal.
2025-09-08 19:08:22,857 - TradingBot - INFO - Entry Signal Check (EMA Crossover): HOLD | Current Trend Memory: BULLISH
2025-09-08 19:08:23,870 - TradingBot - INFO - Applying core strategy to 0 bot trade(s).
2025-09-08 19:08:23,870 - TradingBot - INFO - Strategy: Running checks...
2025-09-08 19:08:23,870 - TradingBot - INFO - No open bot trades. Checking for new entry signal.
2025-09-08 19:08:23,870 - TradingBot - INFO - Entry Signal Check (EMA Crossover): HOLD | Current Trend Memory: BULLISH
2025-09-08 19:08:24,883 - TradingBot - INFO - Applying core strategy to 0 bot trade(s).
2025-09-08 19:08:24,883 - TradingBot - INFO - Strategy: Running checks...
2025-09-08 19:08:24,883 - TradingBot - INFO - No open bot trades. Checking for new entry signal.
2025-09-08 19:08:24,883 - TradingBot - INFO - Entry Signal Check (EMA Crossover): HOLD | Current Trend Memory: BULLISH
2025-09-08 19:08:25,895 - TradingBot - INFO - Applying core strategy to 0 bot trade(s).
2025-09-08 19:08:25,895 - TradingBot - INFO - Strategy: Running checks...
2025-09-08 19:08:25,895 - TradingBot - INFO - No open bot trades. Checking for new entry signal.
2025-09-08 19:08:25,895 - TradingBot - INFO - Entry Signal Check (EMA Crossover): HOLD | Current Trend Memory: BULLISH
2025-09-08 19:08:26,907 - TradingBot - INFO - Applying core strategy to 0 bot trade(s).
2025-09-08 19:08:26,907 - TradingBot - INFO - Strategy: Running checks...
2025-09-08 19:08:26,907 - TradingBot - INFO - No open bot trades. Checking for new entry signal.
2025-09-08 19:08:26,907 - TradingBot - INFO - Entry Signal Check (EMA Crossover): HOLD | Current Trend Memory: BULLISH
2025-09-08 19:08:27,921 - TradingBot - INFO - Applying core strategy to 0 bot trade(s).
2025-09-08 19:08:27,921 - TradingBot - INFO - Strategy: Running checks...
2025-09-08 19:08:27,921 - TradingBot - INFO - No open bot trades. Checking for new entry signal.
2025-09-08 19:08:27,937 - TradingBot - INFO - Entry Signal Check (EMA Crossover): HOLD | Current Trend Memory: BULLISH
2025-09-08 19:08:28,940 - TradingBot - INFO - Applying core strategy to 0 bot trade(s).
2025-09-08 19:08:28,940 - TradingBot - INFO - Strategy: Running checks...
2025-09-08 19:08:28,940 - TradingBot - INFO - No open bot trades. Checking for new entry signal.
2025-09-08 19:08:28,940 - TradingBot - INFO - Entry Signal Check (EMA Crossover): HOLD | Current Trend Memory: BULLISH
2025-09-08 19:08:29,951 - TradingBot - INFO - Applying core strategy to 0 bot trade(s).
2025-09-08 19:08:29,951 - TradingBot - INFO - Strategy: Running checks...
2025-09-08 19:08:29,951 - TradingBot - INFO - No open bot trades. Checking for new entry signal.
2025-09-08 19:08:29,951 - TradingBot - INFO - Entry Signal Check (EMA Crossover): HOLD | Current Trend Memory: BULLISH
2025-09-08 19:08:30,961 - TradingBot - INFO - Applying core strategy to 0 bot trade(s).
2025-09-08 19:08:30,961 - TradingBot - INFO - Strategy: Running checks...
2025-09-08 19:08:30,961 - TradingBot - INFO - No open bot trades. Checking for new entry signal.
2025-09-08 19:08:30,961 - TradingBot - INFO - Entry Signal Check (EMA Crossover): HOLD | Current Trend Memory: BULLISH
2025-09-08 19:08:31,975 - TradingBot - INFO - Applying core strategy to 0 bot trade(s).
2025-09-08 19:08:31,975 - TradingBot - INFO - Strategy: Running checks...
2025-09-08 19:08:31,975 - TradingBot - INFO - No open bot trades. Checking for new entry signal.
2025-09-08 19:08:31,975 - TradingBot - INFO - Entry Signal Check (EMA Crossover): HOLD | Current Trend Memory: BULLISH
2025-09-08 19:08:32,987 - TradingBot - INFO - Applying core strategy to 0 bot trade(s).
2025-09-08 19:08:32,987 - TradingBot - INFO - Strategy: Running checks...
2025-09-08 19:08:32,987 - TradingBot - INFO - No open bot trades. Checking for new entry signal.
2025-09-08 19:08:33,002 - TradingBot - INFO - Entry Signal Check (EMA Crossover): HOLD | Current Trend Memory: BULLISH
2025-09-08 19:08:34,004 - TradingBot - INFO - Applying core strategy to 0 bot trade(s).
2025-09-08 19:08:34,004 - TradingBot - INFO - Strategy: Running checks...
2025-09-08 19:08:34,004 - TradingBot - INFO - No open bot trades. Checking for new entry signal.
2025-09-08 19:08:34,004 - TradingBot - INFO - Entry Signal Check (EMA Crossover): HOLD | Current Trend Memory: BULLISH
2025-09-08 19:08:35,015 - TradingBot - INFO - Applying core strategy to 0 bot trade(s).
2025-09-08 19:08:35,015 - TradingBot - INFO - Strategy: Running checks...
2025-09-08 19:08:35,015 - TradingBot - INFO - No open bot trades. Checking for new entry signal.
2025-09-08 19:08:35,015 - TradingBot - INFO - Entry Signal Check (EMA Crossover): HOLD | Current Trend Memory: BULLISH
2025-09-08 19:08:36,026 - TradingBot - INFO - Applying core strategy to 0 bot trade(s).
2025-09-08 19:08:36,026 - TradingBot - INFO - Strategy: Running checks...
2025-09-08 19:08:36,026 - TradingBot - INFO - No open bot trades. Checking for new entry signal.
2025-09-08 19:08:36,026 - TradingBot - INFO - Entry Signal Check (EMA Crossover): HOLD | Current Trend Memory: BULLISH
2025-09-08 19:08:37,037 - TradingBot - INFO - Applying core strategy to 0 bot trade(s).
2025-09-08 19:08:37,037 - TradingBot - INFO - Strategy: Running checks...
2025-09-08 19:08:37,037 - TradingBot - INFO - No open bot trades. Checking for new entry signal.
2025-09-08 19:08:37,037 - TradingBot - INFO - Entry Signal Check (EMA Crossover): HOLD | Current Trend Memory: BULLISH
2025-09-08 19:08:38,048 - TradingBot - INFO - Applying core strategy to 0 bot trade(s).
2025-09-08 19:08:38,048 - TradingBot - INFO - Strategy: Running checks...
2025-09-08 19:08:38,048 - TradingBot - INFO - No open bot trades. Checking for new entry signal.
2025-09-08 19:08:38,048 - TradingBot - INFO - Entry Signal Check (EMA Crossover): HOLD | Current Trend Memory: BULLISH
2025-09-08 19:08:39,060 - TradingBot - INFO - Applying core strategy to 0 bot trade(s).
2025-09-08 19:08:39,060 - TradingBot - INFO - Strategy: Running checks...
2025-09-08 19:08:39,060 - TradingBot - INFO - No open bot trades. Checking for new entry signal.
2025-09-08 19:08:39,060 - TradingBot - INFO - Entry Signal Check (EMA Crossover): HOLD | Current Trend Memory: BULLISH
2025-09-08 19:08:40,076 - TradingBot - INFO - Applying core strategy to 0 bot trade(s).
2025-09-08 19:08:40,076 - TradingBot - INFO - Strategy: Running checks...
2025-09-08 19:08:40,076 - TradingBot - INFO - No open bot trades. Checking for new entry signal.
2025-09-08 19:08:40,076 - TradingBot - INFO - Entry Signal Check (EMA Crossover): HOLD | Current Trend Memory: BULLISH
2025-09-08 19:08:41,087 - TradingBot - INFO - Applying core strategy to 0 bot trade(s).
2025-09-08 19:08:41,087 - TradingBot - INFO - Strategy: Running checks...
2025-09-08 19:08:41,087 - TradingBot - INFO - No open bot trades. Checking for new entry signal.
2025-09-08 19:08:41,087 - TradingBot - INFO - Entry Signal Check (EMA Crossover): HOLD | Current Trend Memory: BULLISH
2025-09-08 19:08:42,097 - TradingBot - INFO - Applying core strategy to 0 bot trade(s).
2025-09-08 19:08:42,097 - TradingBot - INFO - Strategy: Running checks...
2025-09-08 19:08:42,097 - TradingBot - INFO - No open bot trades. Checking for new entry signal.
2025-09-08 19:08:42,097 - TradingBot - INFO - Entry Signal Check (EMA Crossover): HOLD | Current Trend Memory: BULLISH
2025-09-08 19:08:43,112 - TradingBot - INFO - Applying core strategy to 0 bot trade(s).
2025-09-08 19:08:43,112 - TradingBot - INFO - Strategy: Running checks...
2025-09-08 19:08:43,112 - TradingBot - INFO - No open bot trades. Checking for new entry signal.
2025-09-08 19:08:43,112 - TradingBot - INFO - Entry Signal Check (EMA Crossover): HOLD | Current Trend Memory: BULLISH
2025-09-08 19:08:44,122 - TradingBot - INFO - Applying core strategy to 0 bot trade(s).
2025-09-08 19:08:44,122 - TradingBot - INFO - Strategy: Running checks...
2025-09-08 19:08:44,122 - TradingBot - INFO - No open bot trades. Checking for new entry signal.
2025-09-08 19:08:44,122 - TradingBot - INFO - Entry Signal Check (EMA Crossover): HOLD | Current Trend Memory: BULLISH
2025-09-08 19:08:45,136 - TradingBot - INFO - Applying core strategy to 0 bot trade(s).
2025-09-08 19:08:45,136 - TradingBot - INFO - Strategy: Running checks...
2025-09-08 19:08:45,136 - TradingBot - INFO - No open bot trades. Checking for new entry signal.
2025-09-08 19:08:45,136 - TradingBot - INFO - Entry Signal Check (EMA Crossover): HOLD | Current Trend Memory: BULLISH
2025-09-08 19:08:46,147 - TradingBot - INFO - Applying core strategy to 0 bot trade(s).
2025-09-08 19:08:46,147 - TradingBot - INFO - Strategy: Running checks...
2025-09-08 19:08:46,147 - TradingBot - INFO - No open bot trades. Checking for new entry signal.
2025-09-08 19:08:46,147 - TradingBot - INFO - Entry Signal Check (EMA Crossover): HOLD | Current Trend Memory: BULLISH
2025-09-08 19:08:47,159 - TradingBot - INFO - Applying core strategy to 0 bot trade(s).
2025-09-08 19:08:47,159 - TradingBot - INFO - Strategy: Running checks...
2025-09-08 19:08:47,159 - TradingBot - INFO - No open bot trades. Checking for new entry signal.
2025-09-08 19:08:47,159 - TradingBot - INFO - Entry Signal Check (EMA Crossover): HOLD | Current Trend Memory: BULLISH
2025-09-08 19:08:48,173 - TradingBot - INFO - Applying core strategy to 0 bot trade(s).
2025-09-08 19:08:48,173 - TradingBot - INFO - Strategy: Running checks...
2025-09-08 19:08:48,173 - TradingBot - INFO - No open bot trades. Checking for new entry signal.
2025-09-08 19:08:48,173 - TradingBot - INFO - Entry Signal Check (EMA Crossover): HOLD | Current Trend Memory: BULLISH
2025-09-08 19:08:49,185 - TradingBot - INFO - Applying core strategy to 0 bot trade(s).
2025-09-08 19:08:49,185 - TradingBot - INFO - Strategy: Running checks...
2025-09-08 19:08:49,185 - TradingBot - INFO - No open bot trades. Checking for new entry signal.
2025-09-08 19:08:49,185 - TradingBot - INFO - Entry Signal Check (EMA Crossover): HOLD | Current Trend Memory: BULLISH
2025-09-08 19:08:50,196 - TradingBot - INFO - Applying core strategy to 0 bot trade(s).
2025-09-08 19:08:50,196 - TradingBot - INFO - Strategy: Running checks...
2025-09-08 19:08:50,196 - TradingBot - INFO - No open bot trades. Checking for new entry signal.
2025-09-08 19:08:50,196 - TradingBot - INFO - Entry Signal Check (EMA Crossover): HOLD | Current Trend Memory: BULLISH
2025-09-08 19:08:51,209 - TradingBot - INFO - Applying core strategy to 0 bot trade(s).
2025-09-08 19:08:51,209 - TradingBot - INFO - Strategy: Running checks...
2025-09-08 19:08:51,209 - TradingBot - INFO - No open bot trades. Checking for new entry signal.
2025-09-08 19:08:51,209 - TradingBot - INFO - Entry Signal Check (EMA Crossover): HOLD | Current Trend Memory: BULLISH
2025-09-08 19:08:52,220 - TradingBot - INFO - Applying core strategy to 0 bot trade(s).
2025-09-08 19:08:52,220 - TradingBot - INFO - Strategy: Running checks...
2025-09-08 19:08:52,220 - TradingBot - INFO - No open bot trades. Checking for new entry signal.
2025-09-08 19:08:52,220 - TradingBot - INFO - Entry Signal Check (EMA Crossover): HOLD | Current Trend Memory: BULLISH
2025-09-08 19:08:53,232 - TradingBot - INFO - Applying core strategy to 0 bot trade(s).
2025-09-08 19:08:53,232 - TradingBot - INFO - Strategy: Running checks...
2025-09-08 19:08:53,232 - TradingBot - INFO - No open bot trades. Checking for new entry signal.
2025-09-08 19:08:53,232 - TradingBot - INFO - Entry Signal Check (EMA Crossover): HOLD | Current Trend Memory: BULLISH
2025-09-08 19:08:54,242 - TradingBot - INFO - Applying core strategy to 0 bot trade(s).
2025-09-08 19:08:54,242 - TradingBot - INFO - Strategy: Running checks...
2025-09-08 19:08:54,242 - TradingBot - INFO - No open bot trades. Checking for new entry signal.
2025-09-08 19:08:54,242 - TradingBot - INFO - Entry Signal Check (EMA Crossover): HOLD | Current Trend Memory: BULLISH
2025-09-08 19:08:55,253 - TradingBot - INFO - Applying core strategy to 0 bot trade(s).
2025-09-08 19:08:55,253 - TradingBot - INFO - Strategy: Running checks...
2025-09-08 19:08:55,253 - TradingBot - INFO - No open bot trades. Checking for new entry signal.
2025-09-08 19:08:55,253 - TradingBot - INFO - Entry Signal Check (EMA Crossover): HOLD | Current Trend Memory: BULLISH
2025-09-08 19:08:56,264 - TradingBot - INFO - Applying core strategy to 0 bot trade(s).
2025-09-08 19:08:56,264 - TradingBot - INFO - Strategy: Running checks...
2025-09-08 19:08:56,264 - TradingBot - INFO - No open bot trades. Checking for new entry signal.
2025-09-08 19:08:56,264 - TradingBot - INFO - Entry Signal Check (EMA Crossover): HOLD | Current Trend Memory: BULLISH
2025-09-08 19:08:57,275 - TradingBot - INFO - Applying core strategy to 0 bot trade(s).
2025-09-08 19:08:57,275 - TradingBot - INFO - Strategy: Running checks...
2025-09-08 19:08:57,275 - TradingBot - INFO - No open bot trades. Checking for new entry signal.
2025-09-08 19:08:57,275 - TradingBot - INFO - Entry Signal Check (EMA Crossover): HOLD | Current Trend Memory: BULLISH
2025-09-08 19:08:58,287 - TradingBot - INFO - Applying core strategy to 0 bot trade(s).
2025-09-08 19:08:58,287 - TradingBot - INFO - Strategy: Running checks...
2025-09-08 19:08:58,287 - TradingBot - INFO - No open bot trades. Checking for new entry signal.
2025-09-08 19:08:58,287 - TradingBot - INFO - Entry Signal Check (EMA Crossover): HOLD | Current Trend Memory: BULLISH
2025-09-08 19:08:59,301 - TradingBot - INFO - Applying core strategy to 0 bot trade(s).
2025-09-08 19:08:59,301 - TradingBot - INFO - Strategy: Running checks...
2025-09-08 19:08:59,301 - TradingBot - INFO - No open bot trades. Checking for new entry signal.
2025-09-08 19:08:59,301 - TradingBot - INFO - Entry Signal Check (EMA Crossover): HOLD | Current Trend Memory: BULLISH
2025-09-08 19:09:00,314 - TradingBot - INFO - Applying core strategy to 0 bot trade(s).
2025-09-08 19:09:00,314 - TradingBot - INFO - Strategy: Running checks...
2025-09-08 19:09:00,314 - TradingBot - INFO - No open bot trades. Checking for new entry signal.
2025-09-08 19:09:00,314 - TradingBot - INFO - Entry Signal Check (EMA Crossover): HOLD | Current Trend Memory: BULLISH
2025-09-08 19:09:01,327 - TradingBot - INFO - Applying core strategy to 0 bot trade(s).
2025-09-08 19:09:01,327 - TradingBot - INFO - Strategy: Running checks...
2025-09-08 19:09:01,327 - TradingBot - INFO - No open bot trades. Checking for new entry signal.
2025-09-08 19:09:01,327 - TradingBot - INFO - Entry Signal Check (EMA Crossover): HOLD | Current Trend Memory: BULLISH
2025-09-08 19:09:02,339 - TradingBot - INFO - Applying core strategy to 0 bot trade(s).
2025-09-08 19:09:02,339 - TradingBot - INFO - Strategy: Running checks...
2025-09-08 19:09:02,339 - TradingBot - INFO - No open bot trades. Checking for new entry signal.
2025-09-08 19:09:02,355 - TradingBot - INFO - Entry Signal Check (EMA Crossover): HOLD | Current Trend Memory: BULLISH
2025-09-08 19:09:03,366 - TradingBot - INFO - Applying core strategy to 0 bot trade(s).
2025-09-08 19:09:03,366 - TradingBot - INFO - Strategy: Running checks...
2025-09-08 19:09:03,366 - TradingBot - INFO - No open bot trades. Checking for new entry signal.
2025-09-08 19:09:03,382 - TradingBot - INFO - Entry Signal Check (EMA Crossover): HOLD | Current Trend Memory: BULLISH
2025-09-08 19:09:04,386 - TradingBot - INFO - Applying core strategy to 0 bot trade(s).
2025-09-08 19:09:04,386 - TradingBot - INFO - Strategy: Running checks...
2025-09-08 19:09:04,386 - TradingBot - INFO - No open bot trades. Checking for new entry signal.
2025-09-08 19:09:04,386 - TradingBot - INFO - Entry Signal Check (EMA Crossover): HOLD | Current Trend Memory: BULLISH
2025-09-08 19:09:05,400 - TradingBot - INFO - Applying core strategy to 0 bot trade(s).
2025-09-08 19:09:05,400 - TradingBot - INFO - Strategy: Running checks...
2025-09-08 19:09:05,400 - TradingBot - INFO - No open bot trades. Checking for new entry signal.
2025-09-08 19:09:05,400 - TradingBot - INFO - Entry Signal Check (EMA Crossover): HOLD | Current Trend Memory: BULLISH
2025-09-08 19:09:06,410 - TradingBot - INFO - Applying core strategy to 0 bot trade(s).
2025-09-08 19:09:06,410 - TradingBot - INFO - Strategy: Running checks...
2025-09-08 19:09:06,410 - TradingBot - INFO - No open bot trades. Checking for new entry signal.
2025-09-08 19:09:06,410 - TradingBot - INFO - Entry Signal Check (EMA Crossover): HOLD | Current Trend Memory: BULLISH
2025-09-08 19:09:07,425 - TradingBot - INFO - Applying core strategy to 0 bot trade(s).
2025-09-08 19:09:07,425 - TradingBot - INFO - Strategy: Running checks...
2025-09-08 19:09:07,425 - TradingBot - INFO - No open bot trades. Checking for new entry signal.
2025-09-08 19:09:07,425 - TradingBot - INFO - Entry Signal Check (EMA Crossover): HOLD | Current Trend Memory: BULLISH
2025-09-08 19:09:08,436 - TradingBot - INFO - Applying core strategy to 0 bot trade(s).
2025-09-08 19:09:08,436 - TradingBot - INFO - Strategy: Running checks...
2025-09-08 19:09:08,436 - TradingBot - INFO - No open bot trades. Checking for new entry signal.
2025-09-08 19:09:08,436 - TradingBot - INFO - Entry Signal Check (EMA Crossover): HOLD | Current Trend Memory: BULLISH
2025-09-08 19:09:09,451 - TradingBot - INFO - Applying core strategy to 0 bot trade(s).
2025-09-08 19:09:09,451 - TradingBot - INFO - Strategy: Running checks...
2025-09-08 19:09:09,451 - TradingBot - INFO - No open bot trades. Checking for new entry signal.
2025-09-08 19:09:09,451 - TradingBot - INFO - Entry Signal Check (EMA Crossover): HOLD | Current Trend Memory: BULLISH
2025-09-08 19:09:10,461 - TradingBot - INFO - Applying core strategy to 0 bot trade(s).
2025-09-08 19:09:10,461 - TradingBot - INFO - Strategy: Running checks...
2025-09-08 19:09:10,461 - TradingBot - INFO - No open bot trades. Checking for new entry signal.
2025-09-08 19:09:10,461 - TradingBot - INFO - Entry Signal Check (EMA Crossover): HOLD | Current Trend Memory: BULLISH
2025-09-08 19:09:11,472 - TradingBot - INFO - Applying core strategy to 0 bot trade(s).
2025-09-08 19:09:11,472 - TradingBot - INFO - Strategy: Running checks...
2025-09-08 19:09:11,472 - TradingBot - INFO - No open bot trades. Checking for new entry signal.
2025-09-08 19:09:11,472 - TradingBot - INFO - Entry Signal Check (EMA Crossover): HOLD | Current Trend Memory: BULLISH
2025-09-08 19:09:12,482 - TradingBot - INFO - Applying core strategy to 0 bot trade(s).
2025-09-08 19:09:12,482 - TradingBot - INFO - Strategy: Running checks...
2025-09-08 19:09:12,482 - TradingBot - INFO - No open bot trades. Checking for new entry signal.
2025-09-08 19:09:12,482 - TradingBot - INFO - Entry Signal Check (EMA Crossover): HOLD | Current Trend Memory: BULLISH
2025-09-08 19:09:13,493 - TradingBot - INFO - Applying core strategy to 0 bot trade(s).
2025-09-08 19:09:13,493 - TradingBot - INFO - Strategy: Running checks...
2025-09-08 19:09:13,493 - TradingBot - INFO - No open bot trades. Checking for new entry signal.
2025-09-08 19:09:13,493 - TradingBot - INFO - Entry Signal Check (EMA Crossover): HOLD | Current Trend Memory: BULLISH
2025-09-08 19:09:14,503 - TradingBot - INFO - Applying core strategy to 0 bot trade(s).
2025-09-08 19:09:14,503 - TradingBot - INFO - Strategy: Running checks...
2025-09-08 19:09:14,503 - TradingBot - INFO - No open bot trades. Checking for new entry signal.
2025-09-08 19:09:14,503 - TradingBot - INFO - Entry Signal Check (EMA Crossover): HOLD | Current Trend Memory: BULLISH
2025-09-08 19:09:15,513 - TradingBot - INFO - Applying core strategy to 0 bot trade(s).
2025-09-08 19:09:15,513 - TradingBot - INFO - Strategy: Running checks...
2025-09-08 19:09:15,513 - TradingBot - INFO - No open bot trades. Checking for new entry signal.
2025-09-08 19:09:15,513 - TradingBot - INFO - Entry Signal Check (EMA Crossover): HOLD | Current Trend Memory: BULLISH
2025-09-08 19:09:16,522 - TradingBot - INFO - Applying core strategy to 0 bot trade(s).
2025-09-08 19:09:16,522 - TradingBot - INFO - Strategy: Running checks...
2025-09-08 19:09:16,522 - TradingBot - INFO - No open bot trades. Checking for new entry signal.
2025-09-08 19:09:16,522 - TradingBot - INFO - Entry Signal Check (EMA Crossover): HOLD | Current Trend Memory: BULLISH
2025-09-08 19:09:17,535 - TradingBot - INFO - Applying core strategy to 0 bot trade(s).
2025-09-08 19:09:17,535 - TradingBot - INFO - Strategy: Running checks...
2025-09-08 19:09:17,535 - TradingBot - INFO - No open bot trades. Checking for new entry signal.
2025-09-08 19:09:17,535 - TradingBot - INFO - Entry Signal Check (EMA Crossover): HOLD | Current Trend Memory: BULLISH
2025-09-08 19:09:18,546 - TradingBot - INFO - Applying core strategy to 0 bot trade(s).
2025-09-08 19:09:18,546 - TradingBot - INFO - Strategy: Running checks...
2025-09-08 19:09:18,546 - TradingBot - INFO - No open bot trades. Checking for new entry signal.
2025-09-08 19:09:18,546 - TradingBot - INFO - Entry Signal Check (EMA Crossover): HOLD | Current Trend Memory: BULLISH
2025-09-08 19:09:19,559 - TradingBot - INFO - Applying core strategy to 0 bot trade(s).
2025-09-08 19:09:19,559 - TradingBot - INFO - Strategy: Running checks...
2025-09-08 19:09:19,559 - TradingBot - INFO - No open bot trades. Checking for new entry signal.
2025-09-08 19:09:19,559 - TradingBot - INFO - Entry Signal Check (EMA Crossover): HOLD | Current Trend Memory: BULLISH
2025-09-08 19:09:20,571 - TradingBot - INFO - Applying core strategy to 0 bot trade(s).
2025-09-08 19:09:20,571 - TradingBot - INFO - Strategy: Running checks...
2025-09-08 19:09:20,571 - TradingBot - INFO - No open bot trades. Checking for new entry signal.
2025-09-08 19:09:20,587 - TradingBot - INFO - Entry Signal Check (EMA Crossover): HOLD | Current Trend Memory: BULLISH
2025-09-08 19:09:21,589 - TradingBot - INFO - Applying core strategy to 0 bot trade(s).
2025-09-08 19:09:21,589 - TradingBot - INFO - Strategy: Running checks...
2025-09-08 19:09:21,589 - TradingBot - INFO - No open bot trades. Checking for new entry signal.
2025-09-08 19:09:21,589 - TradingBot - INFO - Entry Signal Check (EMA Crossover): HOLD | Current Trend Memory: BULLISH
2025-09-08 19:09:22,600 - TradingBot - INFO - Applying core strategy to 0 bot trade(s).
2025-09-08 19:09:22,600 - TradingBot - INFO - Strategy: Running checks...
2025-09-08 19:09:22,600 - TradingBot - INFO - No open bot trades. Checking for new entry signal.
2025-09-08 19:09:22,600 - TradingBot - INFO - Entry Signal Check (EMA Crossover): HOLD | Current Trend Memory: BULLISH
2025-09-08 19:09:23,611 - TradingBot - INFO - Applying core strategy to 0 bot trade(s).
2025-09-08 19:09:23,611 - TradingBot - INFO - Strategy: Running checks...
2025-09-08 19:09:23,611 - TradingBot - INFO - No open bot trades. Checking for new entry signal.
2025-09-08 19:09:23,611 - TradingBot - INFO - Entry Signal Check (EMA Crossover): HOLD | Current Trend Memory: BULLISH
2025-09-08 19:09:24,624 - TradingBot - INFO - Applying core strategy to 0 bot trade(s).
2025-09-08 19:09:24,624 - TradingBot - INFO - Strategy: Running checks...
2025-09-08 19:09:24,624 - TradingBot - INFO - No open bot trades. Checking for new entry signal.
2025-09-08 19:09:24,624 - TradingBot - INFO - Entry Signal Check (EMA Crossover): HOLD | Current Trend Memory: BULLISH
2025-09-08 19:09:25,635 - TradingBot - INFO - Applying core strategy to 0 bot trade(s).
2025-09-08 19:09:25,635 - TradingBot - INFO - Strategy: Running checks...
2025-09-08 19:09:25,635 - TradingBot - INFO - No open bot trades. Checking for new entry signal.
2025-09-08 19:09:25,635 - TradingBot - INFO - Entry Signal Check (EMA Crossover): HOLD | Current Trend Memory: BULLISH
2025-09-08 19:09:26,646 - TradingBot - INFO - Applying core strategy to 0 bot trade(s).
2025-09-08 19:09:26,646 - TradingBot - INFO - Strategy: Running checks...
2025-09-08 19:09:26,646 - TradingBot - INFO - No open bot trades. Checking for new entry signal.
2025-09-08 19:09:26,646 - TradingBot - INFO - Entry Signal Check (EMA Crossover): HOLD | Current Trend Memory: BULLISH
2025-09-08 19:09:27,659 - TradingBot - INFO - Applying core strategy to 0 bot trade(s).
2025-09-08 19:09:27,659 - TradingBot - INFO - Strategy: Running checks...
2025-09-08 19:09:27,659 - TradingBot - INFO - No open bot trades. Checking for new entry signal.
2025-09-08 19:09:27,659 - TradingBot - INFO - Entry Signal Check (EMA Crossover): HOLD | Current Trend Memory: BULLISH
2025-09-08 19:09:28,672 - TradingBot - INFO - Applying core strategy to 0 bot trade(s).
2025-09-08 19:09:28,672 - TradingBot - INFO - Strategy: Running checks...
2025-09-08 19:09:28,672 - TradingBot - INFO - No open bot trades. Checking for new entry signal.
2025-09-08 19:09:28,672 - TradingBot - INFO - Entry Signal Check (EMA Crossover): HOLD | Current Trend Memory: BULLISH
2025-09-08 19:09:29,682 - TradingBot - INFO - Applying core strategy to 0 bot trade(s).
2025-09-08 19:09:29,682 - TradingBot - INFO - Strategy: Running checks...
2025-09-08 19:09:29,682 - TradingBot - INFO - No open bot trades. Checking for new entry signal.
2025-09-08 19:09:29,682 - TradingBot - INFO - Entry Signal Check (EMA Crossover): HOLD | Current Trend Memory: BULLISH
2025-09-08 19:09:30,695 - TradingBot - INFO - Applying core strategy to 0 bot trade(s).
2025-09-08 19:09:30,695 - TradingBot - INFO - Strategy: Running checks...
2025-09-08 19:09:30,695 - TradingBot - INFO - No open bot trades. Checking for new entry signal.
2025-09-08 19:09:30,695 - TradingBot - INFO - Entry Signal Check (EMA Crossover): HOLD | Current Trend Memory: BULLISH
2025-09-08 19:09:31,707 - TradingBot - INFO - Applying core strategy to 0 bot trade(s).
2025-09-08 19:09:31,707 - TradingBot - INFO - Strategy: Running checks...
2025-09-08 19:09:31,707 - TradingBot - INFO - No open bot trades. Checking for new entry signal.
2025-09-08 19:09:31,707 - TradingBot - INFO - Entry Signal Check (EMA Crossover): HOLD | Current Trend Memory: BULLISH
2025-09-08 19:09:32,717 - TradingBot - INFO - Applying core strategy to 0 bot trade(s).
2025-09-08 19:09:32,717 - TradingBot - INFO - Strategy: Running checks...
2025-09-08 19:09:32,717 - TradingBot - INFO - No open bot trades. Checking for new entry signal.
2025-09-08 19:09:32,717 - TradingBot - INFO - Entry Signal Check (EMA Crossover): HOLD | Current Trend Memory: BULLISH
2025-09-08 19:09:33,729 - TradingBot - INFO - Applying core strategy to 0 bot trade(s).
2025-09-08 19:09:33,729 - TradingBot - INFO - Strategy: Running checks...
2025-09-08 19:09:33,729 - TradingBot - INFO - No open bot trades. Checking for new entry signal.
2025-09-08 19:09:33,729 - TradingBot - INFO - Entry Signal Check (EMA Crossover): HOLD | Current Trend Memory: BULLISH
2025-09-08 19:09:34,741 - TradingBot - INFO - Applying core strategy to 0 bot trade(s).
2025-09-08 19:09:34,741 - TradingBot - INFO - Strategy: Running checks...
2025-09-08 19:09:34,741 - TradingBot - INFO - No open bot trades. Checking for new entry signal.
2025-09-08 19:09:34,741 - TradingBot - INFO - Entry Signal Check (EMA Crossover): HOLD | Current Trend Memory: BULLISH
2025-09-08 19:09:35,752 - TradingBot - INFO - Applying core strategy to 0 bot trade(s).
2025-09-08 19:09:35,752 - TradingBot - INFO - Strategy: Running checks...
2025-09-08 19:09:35,752 - TradingBot - INFO - No open bot trades. Checking for new entry signal.
2025-09-08 19:09:35,752 - TradingBot - INFO - Entry Signal Check (EMA Crossover): HOLD | Current Trend Memory: BULLISH
2025-09-08 19:09:36,766 - TradingBot - INFO - Applying core strategy to 0 bot trade(s).
2025-09-08 19:09:36,766 - TradingBot - INFO - Strategy: Running checks...
2025-09-08 19:09:36,766 - TradingBot - INFO - No open bot trades. Checking for new entry signal.
2025-09-08 19:09:36,766 - TradingBot - INFO - Entry Signal Check (EMA Crossover): HOLD | Current Trend Memory: BULLISH
2025-09-08 19:09:37,777 - TradingBot - INFO - Applying core strategy to 0 bot trade(s).
2025-09-08 19:09:37,777 - TradingBot - INFO - Strategy: Running checks...
2025-09-08 19:09:37,777 - TradingBot - INFO - No open bot trades. Checking for new entry signal.
2025-09-08 19:09:37,777 - TradingBot - INFO - Entry Signal Check (EMA Crossover): HOLD | Current Trend Memory: BULLISH
2025-09-08 19:09:38,789 - TradingBot - INFO - Applying core strategy to 0 bot trade(s).
2025-09-08 19:09:38,789 - TradingBot - INFO - Strategy: Running checks...
2025-09-08 19:09:38,789 - TradingBot - INFO - No open bot trades. Checking for new entry signal.
2025-09-08 19:09:38,789 - TradingBot - INFO - Entry Signal Check (EMA Crossover): HOLD | Current Trend Memory: BULLISH
2025-09-08 19:09:39,800 - TradingBot - INFO - Applying core strategy to 0 bot trade(s).
2025-09-08 19:09:39,800 - TradingBot - INFO - Strategy: Running checks...
2025-09-08 19:09:39,800 - TradingBot - INFO - No open bot trades. Checking for new entry signal.
2025-09-08 19:09:39,800 - TradingBot - INFO - Entry Signal Check (EMA Crossover): HOLD | Current Trend Memory: BULLISH
2025-09-08 19:09:40,811 - TradingBot - INFO - Applying core strategy to 0 bot trade(s).
2025-09-08 19:09:40,811 - TradingBot - INFO - Strategy: Running checks...
2025-09-08 19:09:40,811 - TradingBot - INFO - No open bot trades. Checking for new entry signal.
2025-09-08 19:09:40,811 - TradingBot - INFO - Entry Signal Check (EMA Crossover): HOLD | Current Trend Memory: BULLISH
2025-09-08 19:09:41,821 - TradingBot - INFO - Applying core strategy to 0 bot trade(s).
2025-09-08 19:09:41,821 - TradingBot - INFO - Strategy: Running checks...
2025-09-08 19:09:41,821 - TradingBot - INFO - No open bot trades. Checking for new entry signal.
2025-09-08 19:09:41,821 - TradingBot - INFO - Entry Signal Check (EMA Crossover): HOLD | Current Trend Memory: BULLISH
2025-09-08 19:09:42,833 - TradingBot - INFO - Applying core strategy to 0 bot trade(s).
2025-09-08 19:09:42,833 - TradingBot - INFO - Strategy: Running checks...
2025-09-08 19:09:42,833 - TradingBot - INFO - No open bot trades. Checking for new entry signal.
2025-09-08 19:09:42,833 - TradingBot - INFO - Entry Signal Check (EMA Crossover): HOLD | Current Trend Memory: BULLISH
2025-09-08 19:09:43,845 - TradingBot - INFO - Applying core strategy to 0 bot trade(s).
2025-09-08 19:09:43,845 - TradingBot - INFO - Strategy: Running checks...
2025-09-08 19:09:43,845 - TradingBot - INFO - No open bot trades. Checking for new entry signal.
2025-09-08 19:09:43,845 - TradingBot - INFO - Entry Signal Check (EMA Crossover): HOLD | Current Trend Memory: BULLISH
2025-09-08 19:09:44,855 - TradingBot - INFO - Applying core strategy to 0 bot trade(s).
2025-09-08 19:09:44,855 - TradingBot - INFO - Strategy: Running checks...
2025-09-08 19:09:44,855 - TradingBot - INFO - No open bot trades. Checking for new entry signal.
2025-09-08 19:09:44,855 - TradingBot - INFO - Entry Signal Check (EMA Crossover): HOLD | Current Trend Memory: BULLISH
2025-09-08 19:09:45,867 - TradingBot - INFO - Applying core strategy to 0 bot trade(s).
2025-09-08 19:09:45,867 - TradingBot - INFO - Strategy: Running checks...
2025-09-08 19:09:45,867 - TradingBot - INFO - No open bot trades. Checking for new entry signal.
2025-09-08 19:09:45,867 - TradingBot - INFO - Entry Signal Check (EMA Crossover): HOLD | Current Trend Memory: BULLISH
2025-09-08 19:09:46,880 - TradingBot - INFO - Applying core strategy to 0 bot trade(s).
2025-09-08 19:09:46,880 - TradingBot - INFO - Strategy: Running checks...
2025-09-08 19:09:46,880 - TradingBot - INFO - No open bot trades. Checking for new entry signal.
2025-09-08 19:09:46,896 - TradingBot - INFO - Entry Signal Check (EMA Crossover): HOLD | Current Trend Memory: BULLISH
2025-09-08 19:09:47,899 - TradingBot - INFO - Applying core strategy to 0 bot trade(s).
2025-09-08 19:09:47,899 - TradingBot - INFO - Strategy: Running checks...
2025-09-08 19:09:47,899 - TradingBot - INFO - No open bot trades. Checking for new entry signal.
2025-09-08 19:09:47,899 - TradingBot - INFO - Entry Signal Check (EMA Crossover): HOLD | Current Trend Memory: BULLISH
2025-09-08 19:09:48,911 - TradingBot - INFO - Applying core strategy to 0 bot trade(s).
2025-09-08 19:09:48,911 - TradingBot - INFO - Strategy: Running checks...
2025-09-08 19:09:48,911 - TradingBot - INFO - No open bot trades. Checking for new entry signal.
2025-09-08 19:09:48,911 - TradingBot - INFO - Entry Signal Check (EMA Crossover): HOLD | Current Trend Memory: BULLISH
2025-09-08 19:09:49,922 - TradingBot - INFO - Applying core strategy to 0 bot trade(s).
2025-09-08 19:09:49,922 - TradingBot - INFO - Strategy: Running checks...
2025-09-08 19:09:49,922 - TradingBot - INFO - No open bot trades. Checking for new entry signal.
2025-09-08 19:09:49,922 - TradingBot - INFO - Entry Signal Check (EMA Crossover): HOLD | Current Trend Memory: BULLISH
2025-09-08 19:09:50,934 - TradingBot - INFO - Applying core strategy to 0 bot trade(s).
2025-09-08 19:09:50,934 - TradingBot - INFO - Strategy: Running checks...
2025-09-08 19:09:50,934 - TradingBot - INFO - No open bot trades. Checking for new entry signal.
2025-09-08 19:09:50,934 - TradingBot - INFO - Entry Signal Check (EMA Crossover): HOLD | Current Trend Memory: BULLISH
2025-09-08 19:09:51,947 - TradingBot - INFO - Applying core strategy to 0 bot trade(s).
2025-09-08 19:09:51,947 - TradingBot - INFO - Strategy: Running checks...
2025-09-08 19:09:51,947 - TradingBot - INFO - No open bot trades. Checking for new entry signal.
2025-09-08 19:09:51,947 - TradingBot - INFO - Entry Signal Check (EMA Crossover): HOLD | Current Trend Memory: BULLISH
2025-09-08 19:09:52,957 - TradingBot - INFO - Applying core strategy to 0 bot trade(s).
2025-09-08 19:09:52,957 - TradingBot - INFO - Strategy: Running checks...
2025-09-08 19:09:52,957 - TradingBot - INFO - No open bot trades. Checking for new entry signal.
2025-09-08 19:09:52,957 - TradingBot - INFO - Entry Signal Check (EMA Crossover): HOLD | Current Trend Memory: BULLISH
2025-09-08 19:09:53,968 - TradingBot - INFO - Applying core strategy to 0 bot trade(s).
2025-09-08 19:09:53,968 - TradingBot - INFO - Strategy: Running checks...
2025-09-08 19:09:53,968 - TradingBot - INFO - No open bot trades. Checking for new entry signal.
2025-09-08 19:09:53,968 - TradingBot - INFO - Entry Signal Check (EMA Crossover): HOLD | Current Trend Memory: BULLISH
2025-09-08 19:09:54,977 - TradingBot - INFO - Applying core strategy to 0 bot trade(s).
2025-09-08 19:09:54,977 - TradingBot - INFO - Strategy: Running checks...
2025-09-08 19:09:54,977 - TradingBot - INFO - No open bot trades. Checking for new entry signal.
2025-09-08 19:09:54,993 - TradingBot - INFO - Entry Signal Check (EMA Crossover): HOLD | Current Trend Memory: BULLISH
2025-09-08 19:09:55,995 - TradingBot - INFO - Applying core strategy to 0 bot trade(s).
2025-09-08 19:09:55,995 - TradingBot - INFO - Strategy: Running checks...
2025-09-08 19:09:55,995 - TradingBot - INFO - No open bot trades. Checking for new entry signal.
2025-09-08 19:09:55,995 - TradingBot - INFO - Entry Signal Check (EMA Crossover): HOLD | Current Trend Memory: BULLISH
2025-09-08 19:09:57,005 - TradingBot - INFO - Applying core strategy to 0 bot trade(s).
2025-09-08 19:09:57,005 - TradingBot - INFO - Strategy: Running checks...
2025-09-08 19:09:57,005 - TradingBot - INFO - No open bot trades. Checking for new entry signal.
2025-09-08 19:09:57,005 - TradingBot - INFO - Entry Signal Check (EMA Crossover): HOLD | Current Trend Memory: BULLISH
2025-09-08 19:09:58,015 - TradingBot - INFO - Applying core strategy to 0 bot trade(s).
2025-09-08 19:09:58,015 - TradingBot - INFO - Strategy: Running checks...
2025-09-08 19:09:58,015 - TradingBot - INFO - No open bot trades. Checking for new entry signal.
2025-09-08 19:09:58,015 - TradingBot - INFO - Entry Signal Check (EMA Crossover): HOLD | Current Trend Memory: BULLISH
2025-09-08 19:09:59,026 - TradingBot - INFO - Applying core strategy to 0 bot trade(s).
2025-09-08 19:09:59,026 - TradingBot - INFO - Strategy: Running checks...
2025-09-08 19:09:59,026 - TradingBot - INFO - No open bot trades. Checking for new entry signal.
2025-09-08 19:09:59,026 - TradingBot - INFO - Entry Signal Check (EMA Crossover): HOLD | Current Trend Memory: BULLISH
2025-09-08 19:10:00,037 - TradingBot - INFO - Applying core strategy to 0 bot trade(s).
2025-09-08 19:10:00,037 - TradingBot - INFO - Strategy: Running checks...
2025-09-08 19:10:00,037 - TradingBot - INFO - No open bot trades. Checking for new entry signal.
2025-09-08 19:10:00,037 - TradingBot - INFO - Entry Signal Check (EMA Crossover): HOLD | Current Trend Memory: BULLISH
2025-09-08 19:10:01,047 - TradingBot - INFO - Applying core strategy to 0 bot trade(s).
2025-09-08 19:10:01,047 - TradingBot - INFO - Strategy: Running checks...
2025-09-08 19:10:01,047 - TradingBot - INFO - No open bot trades. Checking for new entry signal.
2025-09-08 19:10:01,047 - TradingBot - INFO - Entry Signal Check (EMA Crossover): HOLD | Current Trend Memory: BULLISH
2025-09-08 19:10:02,063 - TradingBot - INFO - Applying core strategy to 0 bot trade(s).
2025-09-08 19:10:02,063 - TradingBot - INFO - Strategy: Running checks...
2025-09-08 19:10:02,063 - TradingBot - INFO - No open bot trades. Checking for new entry signal.
2025-09-08 19:10:02,080 - TradingBot - INFO - Entry Signal Check (EMA Crossover): HOLD | Current Trend Memory: BULLISH
2025-09-08 19:10:03,091 - TradingBot - INFO - Applying core strategy to 0 bot trade(s).
2025-09-08 19:10:03,091 - TradingBot - INFO - Strategy: Running checks...
2025-09-08 19:10:03,091 - TradingBot - INFO - No open bot trades. Checking for new entry signal.
2025-09-08 19:10:03,107 - TradingBot - INFO - Entry Signal Check (EMA Crossover): HOLD | Current Trend Memory: BULLISH
2025-09-08 19:10:04,109 - TradingBot - INFO - Applying core strategy to 0 bot trade(s).
2025-09-08 19:10:04,109 - TradingBot - INFO - Strategy: Running checks...
2025-09-08 19:10:04,109 - TradingBot - INFO - No open bot trades. Checking for new entry signal.
2025-09-08 19:10:04,125 - TradingBot - INFO - Entry Signal Check (EMA Crossover): HOLD | Current Trend Memory: BULLISH
2025-09-08 19:10:05,127 - TradingBot - INFO - Applying core strategy to 0 bot trade(s).
2025-09-08 19:10:05,127 - TradingBot - INFO - Strategy: Running checks...
2025-09-08 19:10:05,127 - TradingBot - INFO - No open bot trades. Checking for new entry signal.
2025-09-08 19:10:05,127 - TradingBot - INFO - Entry Signal Check (EMA Crossover): HOLD | Current Trend Memory: BULLISH
2025-09-08 19:10:06,141 - TradingBot - INFO - Applying core strategy to 0 bot trade(s).
2025-09-08 19:10:06,141 - TradingBot - INFO - Strategy: Running checks...
2025-09-08 19:10:06,141 - TradingBot - INFO - No open bot trades. Checking for new entry signal.
2025-09-08 19:10:06,157 - TradingBot - INFO - Entry Signal Check (EMA Crossover): HOLD | Current Trend Memory: BULLISH
2025-09-08 19:10:07,164 - TradingBot - INFO - Applying core strategy to 0 bot trade(s).
2025-09-08 19:10:07,164 - TradingBot - INFO - Strategy: Running checks...
2025-09-08 19:10:07,164 - TradingBot - INFO - No open bot trades. Checking for new entry signal.
2025-09-08 19:10:07,164 - TradingBot - INFO - Entry Signal Check (EMA Crossover): HOLD | Current Trend Memory: BULLISH
2025-09-08 19:10:08,174 - TradingBot - INFO - Applying core strategy to 0 bot trade(s).
2025-09-08 19:10:08,174 - TradingBot - INFO - Strategy: Running checks...
2025-09-08 19:10:08,174 - TradingBot - INFO - No open bot trades. Checking for new entry signal.
2025-09-08 19:10:08,174 - TradingBot - INFO - Entry Signal Check (EMA Crossover): HOLD | Current Trend Memory: BULLISH
2025-09-08 19:10:09,188 - TradingBot - INFO - Applying core strategy to 0 bot trade(s).
2025-09-08 19:10:09,188 - TradingBot - INFO - Strategy: Running checks...
2025-09-08 19:10:09,188 - TradingBot - INFO - No open bot trades. Checking for new entry signal.
2025-09-08 19:10:09,188 - TradingBot - INFO - Entry Signal Check (EMA Crossover): HOLD | Current Trend Memory: BULLISH
2025-09-08 19:10:10,206 - TradingBot - INFO - Applying core strategy to 0 bot trade(s).
2025-09-08 19:10:10,206 - TradingBot - INFO - Strategy: Running checks...
2025-09-08 19:10:10,206 - TradingBot - INFO - No open bot trades. Checking for new entry signal.
2025-09-08 19:10:10,206 - TradingBot - INFO - Entry Signal Check (EMA Crossover): HOLD | Current Trend Memory: BULLISH
2025-09-08 19:10:11,218 - TradingBot - INFO - Applying core strategy to 0 bot trade(s).
2025-09-08 19:10:11,218 - TradingBot - INFO - Strategy: Running checks...
2025-09-08 19:10:11,218 - TradingBot - INFO - No open bot trades. Checking for new entry signal.
2025-09-08 19:10:11,218 - TradingBot - INFO - Entry Signal Check (EMA Crossover): HOLD | Current Trend Memory: BULLISH
2025-09-08 19:10:12,230 - TradingBot - INFO - Applying core strategy to 0 bot trade(s).
2025-09-08 19:10:12,230 - TradingBot - INFO - Strategy: Running checks...
2025-09-08 19:10:12,230 - TradingBot - INFO - No open bot trades. Checking for new entry signal.
2025-09-08 19:10:12,230 - TradingBot - INFO - Entry Signal Check (EMA Crossover): HOLD | Current Trend Memory: BULLISH
2025-09-08 19:10:13,243 - TradingBot - INFO - Applying core strategy to 0 bot trade(s).
2025-09-08 19:10:13,243 - TradingBot - INFO - Strategy: Running checks...
2025-09-08 19:10:13,243 - TradingBot - INFO - No open bot trades. Checking for new entry signal.
2025-09-08 19:10:13,258 - TradingBot - INFO - Entry Signal Check (EMA Crossover): HOLD | Current Trend Memory: BULLISH
2025-09-08 19:10:14,262 - TradingBot - INFO - Applying core strategy to 0 bot trade(s).
2025-09-08 19:10:14,262 - TradingBot - INFO - Strategy: Running checks...
2025-09-08 19:10:14,262 - TradingBot - INFO - No open bot trades. Checking for new entry signal.
2025-09-08 19:10:14,262 - TradingBot - INFO - Entry Signal Check (EMA Crossover): HOLD | Current Trend Memory: BULLISH
2025-09-08 19:10:15,276 - TradingBot - INFO - Applying core strategy to 0 bot trade(s).
2025-09-08 19:10:15,276 - TradingBot - INFO - Strategy: Running checks...
2025-09-08 19:10:15,276 - TradingBot - INFO - No open bot trades. Checking for new entry signal.
2025-09-08 19:10:15,276 - TradingBot - INFO - Entry Signal Check (EMA Crossover): HOLD | Current Trend Memory: BULLISH
2025-09-08 19:10:16,287 - TradingBot - INFO - Applying core strategy to 0 bot trade(s).
2025-09-08 19:10:16,287 - TradingBot - INFO - Strategy: Running checks...
2025-09-08 19:10:16,287 - TradingBot - INFO - No open bot trades. Checking for new entry signal.
2025-09-08 19:10:16,287 - TradingBot - INFO - Entry Signal Check (EMA Crossover): HOLD | Current Trend Memory: BULLISH
2025-09-08 19:10:17,298 - TradingBot - INFO - Applying core strategy to 0 bot trade(s).
2025-09-08 19:10:17,298 - TradingBot - INFO - Strategy: Running checks...
2025-09-08 19:10:17,298 - TradingBot - INFO - No open bot trades. Checking for new entry signal.
2025-09-08 19:10:17,298 - TradingBot - INFO - Entry Signal Check (EMA Crossover): HOLD | Current Trend Memory: BULLISH
2025-09-08 19:10:18,308 - TradingBot - INFO - Applying core strategy to 0 bot trade(s).
2025-09-08 19:10:18,308 - TradingBot - INFO - Strategy: Running checks...
2025-09-08 19:10:18,308 - TradingBot - INFO - No open bot trades. Checking for new entry signal.
2025-09-08 19:10:18,308 - TradingBot - INFO - Entry Signal Check (EMA Crossover): HOLD | Current Trend Memory: BULLISH
2025-09-08 19:10:19,318 - TradingBot - INFO - Applying core strategy to 0 bot trade(s).
2025-09-08 19:10:19,318 - TradingBot - INFO - Strategy: Running checks...
2025-09-08 19:10:19,318 - TradingBot - INFO - No open bot trades. Checking for new entry signal.
2025-09-08 19:10:19,318 - TradingBot - INFO - Entry Signal Check (EMA Crossover): HOLD | Current Trend Memory: BULLISH
2025-09-08 19:10:20,330 - TradingBot - INFO - Applying core strategy to 0 bot trade(s).
2025-09-08 19:10:20,330 - TradingBot - INFO - Strategy: Running checks...
2025-09-08 19:10:20,330 - TradingBot - INFO - No open bot trades. Checking for new entry signal.
2025-09-08 19:10:20,330 - TradingBot - INFO - Entry Signal Check (EMA Crossover): HOLD | Current Trend Memory: BULLISH
2025-09-08 19:10:21,341 - TradingBot - INFO - Applying core strategy to 0 bot trade(s).
2025-09-08 19:10:21,341 - TradingBot - INFO - Strategy: Running checks...
2025-09-08 19:10:21,341 - TradingBot - INFO - No open bot trades. Checking for new entry signal.
2025-09-08 19:10:21,341 - TradingBot - INFO - Entry Signal Check (EMA Crossover): HOLD | Current Trend Memory: BULLISH
2025-09-08 19:10:22,353 - TradingBot - INFO - Applying core strategy to 0 bot trade(s).
2025-09-08 19:10:22,353 - TradingBot - INFO - Strategy: Running checks...
2025-09-08 19:10:22,353 - TradingBot - INFO - No open bot trades. Checking for new entry signal.
2025-09-08 19:10:22,368 - TradingBot - INFO - Entry Signal Check (EMA Crossover): HOLD | Current Trend Memory: BULLISH
2025-09-08 19:10:23,370 - TradingBot - INFO - Applying core strategy to 0 bot trade(s).
2025-09-08 19:10:23,370 - TradingBot - INFO - Strategy: Running checks...
2025-09-08 19:10:23,370 - TradingBot - INFO - No open bot trades. Checking for new entry signal.
2025-09-08 19:10:23,370 - TradingBot - INFO - Entry Signal Check (EMA Crossover): HOLD | Current Trend Memory: BULLISH
2025-09-08 19:10:24,381 - TradingBot - INFO - Applying core strategy to 0 bot trade(s).
2025-09-08 19:10:24,381 - TradingBot - INFO - Strategy: Running checks...
2025-09-08 19:10:24,381 - TradingBot - INFO - No open bot trades. Checking for new entry signal.
2025-09-08 19:10:24,381 - TradingBot - INFO - Entry Signal Check (EMA Crossover): HOLD | Current Trend Memory: BULLISH
2025-09-08 19:10:25,394 - TradingBot - INFO - Applying core strategy to 0 bot trade(s).
2025-09-08 19:10:25,394 - TradingBot - INFO - Strategy: Running checks...
2025-09-08 19:10:25,394 - TradingBot - INFO - No open bot trades. Checking for new entry signal.
2025-09-08 19:10:25,394 - TradingBot - INFO - Entry Signal Check (EMA Crossover): HOLD | Current Trend Memory: BULLISH
2025-09-08 19:10:26,404 - TradingBot - INFO - Applying core strategy to 0 bot trade(s).
2025-09-08 19:10:26,404 - TradingBot - INFO - Strategy: Running checks...
2025-09-08 19:10:26,404 - TradingBot - INFO - No open bot trades. Checking for new entry signal.
2025-09-08 19:10:26,404 - TradingBot - INFO - Entry Signal Check (EMA Crossover): HOLD | Current Trend Memory: BULLISH
2025-09-08 19:10:27,416 - TradingBot - INFO - Applying core strategy to 0 bot trade(s).
2025-09-08 19:10:27,416 - TradingBot - INFO - Strategy: Running checks...
2025-09-08 19:10:27,416 - TradingBot - INFO - No open bot trades. Checking for new entry signal.
2025-09-08 19:10:27,416 - TradingBot - INFO - Entry Signal Check (EMA Crossover): HOLD | Current Trend Memory: BULLISH
2025-09-08 19:10:28,427 - TradingBot - INFO - Applying core strategy to 0 bot trade(s).
2025-09-08 19:10:28,427 - TradingBot - INFO - Strategy: Running checks...
2025-09-08 19:10:28,427 - TradingBot - INFO - No open bot trades. Checking for new entry signal.
2025-09-08 19:10:28,427 - TradingBot - INFO - Entry Signal Check (EMA Crossover): HOLD | Current Trend Memory: BULLISH
2025-09-08 19:10:29,440 - TradingBot - INFO - Applying core strategy to 0 bot trade(s).
2025-09-08 19:10:29,440 - TradingBot - INFO - Strategy: Running checks...
2025-09-08 19:10:29,440 - TradingBot - INFO - No open bot trades. Checking for new entry signal.
2025-09-08 19:10:29,440 - TradingBot - INFO - Entry Signal Check (EMA Crossover): HOLD | Current Trend Memory: BULLISH
2025-09-08 19:10:30,451 - TradingBot - INFO - Applying core strategy to 0 bot trade(s).
2025-09-08 19:10:30,451 - TradingBot - INFO - Strategy: Running checks...
2025-09-08 19:10:30,451 - TradingBot - INFO - No open bot trades. Checking for new entry signal.
2025-09-08 19:10:30,451 - TradingBot - INFO - Entry Signal Check (EMA Crossover): HOLD | Current Trend Memory: BULLISH
2025-09-08 19:10:31,466 - TradingBot - INFO - Applying core strategy to 0 bot trade(s).
2025-09-08 19:10:31,466 - TradingBot - INFO - Strategy: Running checks...
2025-09-08 19:10:31,466 - TradingBot - INFO - No open bot trades. Checking for new entry signal.
2025-09-08 19:10:31,466 - TradingBot - INFO - Entry Signal Check (EMA Crossover): HOLD | Current Trend Memory: BULLISH
2025-09-08 19:10:32,478 - TradingBot - INFO - Applying core strategy to 0 bot trade(s).
2025-09-08 19:10:32,478 - TradingBot - INFO - Strategy: Running checks...
2025-09-08 19:10:32,478 - TradingBot - INFO - No open bot trades. Checking for new entry signal.
2025-09-08 19:10:32,478 - TradingBot - INFO - Entry Signal Check (EMA Crossover): HOLD | Current Trend Memory: BULLISH
2025-09-08 19:10:33,490 - TradingBot - INFO - Applying core strategy to 0 bot trade(s).
2025-09-08 19:10:33,490 - TradingBot - INFO - Strategy: Running checks...
2025-09-08 19:10:33,490 - TradingBot - INFO - No open bot trades. Checking for new entry signal.
2025-09-08 19:10:33,490 - TradingBot - INFO - Entry Signal Check (EMA Crossover): HOLD | Current Trend Memory: BULLISH
2025-09-08 19:10:34,501 - TradingBot - INFO - Applying core strategy to 0 bot trade(s).
2025-09-08 19:10:34,501 - TradingBot - INFO - Strategy: Running checks...
2025-09-08 19:10:34,501 - TradingBot - INFO - No open bot trades. Checking for new entry signal.
2025-09-08 19:10:34,501 - TradingBot - INFO - Entry Signal Check (EMA Crossover): HOLD | Current Trend Memory: BULLISH
2025-09-08 19:10:35,514 - TradingBot - INFO - Applying core strategy to 0 bot trade(s).
2025-09-08 19:10:35,514 - TradingBot - INFO - Strategy: Running checks...
2025-09-08 19:10:35,514 - TradingBot - INFO - No open bot trades. Checking for new entry signal.
2025-09-08 19:10:35,514 - TradingBot - INFO - Entry Signal Check (EMA Crossover): HOLD | Current Trend Memory: BULLISH
2025-09-08 19:10:36,525 - TradingBot - INFO - Applying core strategy to 0 bot trade(s).
2025-09-08 19:10:36,525 - TradingBot - INFO - Strategy: Running checks...
2025-09-08 19:10:36,525 - TradingBot - INFO - No open bot trades. Checking for new entry signal.
2025-09-08 19:10:36,525 - TradingBot - INFO - Entry Signal Check (EMA Crossover): HOLD | Current Trend Memory: BULLISH
2025-09-08 19:10:37,540 - TradingBot - INFO - Applying core strategy to 0 bot trade(s).
2025-09-08 19:10:37,540 - TradingBot - INFO - Strategy: Running checks...
2025-09-08 19:10:37,540 - TradingBot - INFO - No open bot trades. Checking for new entry signal.
2025-09-08 19:10:37,540 - TradingBot - INFO - Entry Signal Check (EMA Crossover): HOLD | Current Trend Memory: BULLISH
2025-09-08 19:10:38,553 - TradingBot - INFO - Applying core strategy to 0 bot trade(s).
2025-09-08 19:10:38,553 - TradingBot - INFO - Strategy: Running checks...
2025-09-08 19:10:38,553 - TradingBot - INFO - No open bot trades. Checking for new entry signal.
2025-09-08 19:10:38,553 - TradingBot - INFO - Entry Signal Check (EMA Crossover): HOLD | Current Trend Memory: BULLISH
2025-09-08 19:10:39,568 - TradingBot - INFO - Applying core strategy to 0 bot trade(s).
2025-09-08 19:10:39,568 - TradingBot - INFO - Strategy: Running checks...
2025-09-08 19:10:39,568 - TradingBot - INFO - No open bot trades. Checking for new entry signal.
2025-09-08 19:10:39,568 - TradingBot - INFO - Entry Signal Check (EMA Crossover): HOLD | Current Trend Memory: BULLISH
2025-09-08 19:10:40,578 - TradingBot - INFO - Applying core strategy to 0 bot trade(s).
2025-09-08 19:10:40,578 - TradingBot - INFO - Strategy: Running checks...
2025-09-08 19:10:40,578 - TradingBot - INFO - No open bot trades. Checking for new entry signal.
2025-09-08 19:10:40,578 - TradingBot - INFO - Entry Signal Check (EMA Crossover): HOLD | Current Trend Memory: BULLISH
2025-09-08 19:10:41,590 - TradingBot - INFO - Applying core strategy to 0 bot trade(s).
2025-09-08 19:10:41,590 - TradingBot - INFO - Strategy: Running checks...
2025-09-08 19:10:41,590 - TradingBot - INFO - No open bot trades. Checking for new entry signal.
2025-09-08 19:10:41,590 - TradingBot - INFO - Entry Signal Check (EMA Crossover): HOLD | Current Trend Memory: BULLISH
2025-09-08 19:10:42,600 - TradingBot - INFO - Applying core strategy to 0 bot trade(s).
2025-09-08 19:10:42,600 - TradingBot - INFO - Strategy: Running checks...
2025-09-08 19:10:42,600 - TradingBot - INFO - No open bot trades. Checking for new entry signal.
2025-09-08 19:10:42,600 - TradingBot - INFO - Entry Signal Check (EMA Crossover): HOLD | Current Trend Memory: BULLISH
2025-09-08 19:10:43,612 - TradingBot - INFO - Applying core strategy to 0 bot trade(s).
2025-09-08 19:10:43,612 - TradingBot - INFO - Strategy: Running checks...
2025-09-08 19:10:43,612 - TradingBot - INFO - No open bot trades. Checking for new entry signal.
2025-09-08 19:10:43,612 - TradingBot - INFO - Entry Signal Check (EMA Crossover): HOLD | Current Trend Memory: BULLISH
2025-09-08 19:10:44,624 - TradingBot - INFO - Applying core strategy to 0 bot trade(s).
2025-09-08 19:10:44,624 - TradingBot - INFO - Strategy: Running checks...
2025-09-08 19:10:44,624 - TradingBot - INFO - No open bot trades. Checking for new entry signal.
2025-09-08 19:10:44,624 - TradingBot - INFO - Entry Signal Check (EMA Crossover): HOLD | Current Trend Memory: BULLISH
2025-09-08 19:10:45,635 - TradingBot - INFO - Applying core strategy to 0 bot trade(s).
2025-09-08 19:10:45,635 - TradingBot - INFO - Strategy: Running checks...
2025-09-08 19:10:45,635 - TradingBot - INFO - No open bot trades. Checking for new entry signal.
2025-09-08 19:10:45,635 - TradingBot - INFO - Entry Signal Check (EMA Crossover): HOLD | Current Trend Memory: BULLISH
2025-09-08 19:10:46,650 - TradingBot - INFO - Applying core strategy to 0 bot trade(s).
2025-09-08 19:10:46,650 - TradingBot - INFO - Strategy: Running checks...
2025-09-08 19:10:46,650 - TradingBot - INFO - No open bot trades. Checking for new entry signal.
2025-09-08 19:10:46,650 - TradingBot - INFO - Entry Signal Check (EMA Crossover): HOLD | Current Trend Memory: BULLISH
2025-09-08 19:10:47,660 - TradingBot - INFO - Applying core strategy to 0 bot trade(s).
2025-09-08 19:10:47,660 - TradingBot - INFO - Strategy: Running checks...
2025-09-08 19:10:47,660 - TradingBot - INFO - No open bot trades. Checking for new entry signal.
2025-09-08 19:10:47,676 - TradingBot - INFO - Entry Signal Check (EMA Crossover): HOLD | Current Trend Memory: BULLISH
2025-09-08 19:10:48,679 - TradingBot - INFO - Applying core strategy to 0 bot trade(s).
2025-09-08 19:10:48,679 - TradingBot - INFO - Strategy: Running checks...
2025-09-08 19:10:48,679 - TradingBot - INFO - No open bot trades. Checking for new entry signal.
2025-09-08 19:10:48,679 - TradingBot - INFO - Entry Signal Check (EMA Crossover): HOLD | Current Trend Memory: BULLISH
2025-09-08 19:10:49,693 - TradingBot - INFO - Applying core strategy to 0 bot trade(s).
2025-09-08 19:10:49,693 - TradingBot - INFO - Strategy: Running checks...
2025-09-08 19:10:49,693 - TradingBot - INFO - No open bot trades. Checking for new entry signal.
2025-09-08 19:10:49,693 - TradingBot - INFO - Entry Signal Check (EMA Crossover): HOLD | Current Trend Memory: BULLISH
2025-09-08 19:10:50,705 - TradingBot - INFO - Applying core strategy to 0 bot trade(s).
2025-09-08 19:10:50,705 - TradingBot - INFO - Strategy: Running checks...
2025-09-08 19:10:50,705 - TradingBot - INFO - No open bot trades. Checking for new entry signal.
2025-09-08 19:10:50,705 - TradingBot - INFO - Entry Signal Check (EMA Crossover): HOLD | Current Trend Memory: BULLISH
2025-09-08 19:10:51,716 - TradingBot - INFO - Applying core strategy to 0 bot trade(s).
2025-09-08 19:10:51,716 - TradingBot - INFO - Strategy: Running checks...
2025-09-08 19:10:51,716 - TradingBot - INFO - No open bot trades. Checking for new entry signal.
2025-09-08 19:10:51,716 - TradingBot - INFO - Entry Signal Check (EMA Crossover): HOLD | Current Trend Memory: BULLISH
2025-09-08 19:10:52,729 - TradingBot - INFO - Applying core strategy to 0 bot trade(s).
2025-09-08 19:10:52,729 - TradingBot - INFO - Strategy: Running checks...
2025-09-08 19:10:52,729 - TradingBot - INFO - No open bot trades. Checking for new entry signal.
2025-09-08 19:10:52,729 - TradingBot - INFO - Entry Signal Check (EMA Crossover): HOLD | Current Trend Memory: BULLISH
2025-09-08 19:10:53,741 - TradingBot - INFO - Applying core strategy to 0 bot trade(s).
2025-09-08 19:10:53,741 - TradingBot - INFO - Strategy: Running checks...
2025-09-08 19:10:53,741 - TradingBot - INFO - No open bot trades. Checking for new entry signal.
2025-09-08 19:10:53,741 - TradingBot - INFO - Entry Signal Check (EMA Crossover): HOLD | Current Trend Memory: BULLISH
2025-09-08 19:10:54,751 - TradingBot - INFO - Applying core strategy to 0 bot trade(s).
2025-09-08 19:10:54,751 - TradingBot - INFO - Strategy: Running checks...
2025-09-08 19:10:54,751 - TradingBot - INFO - No open bot trades. Checking for new entry signal.
2025-09-08 19:10:54,751 - TradingBot - INFO - Entry Signal Check (EMA Crossover): HOLD | Current Trend Memory: BULLISH
2025-09-08 19:10:55,764 - TradingBot - INFO - Applying core strategy to 0 bot trade(s).
2025-09-08 19:10:55,764 - TradingBot - INFO - Strategy: Running checks...
2025-09-08 19:10:55,764 - TradingBot - INFO - No open bot trades. Checking for new entry signal.
2025-09-08 19:10:55,764 - TradingBot - INFO - Entry Signal Check (EMA Crossover): HOLD | Current Trend Memory: BULLISH
2025-09-08 19:10:56,778 - TradingBot - INFO - Applying core strategy to 0 bot trade(s).
2025-09-08 19:10:56,778 - TradingBot - INFO - Strategy: Running checks...
2025-09-08 19:10:56,778 - TradingBot - INFO - No open bot trades. Checking for new entry signal.
2025-09-08 19:10:56,778 - TradingBot - INFO - Entry Signal Check (EMA Crossover): HOLD | Current Trend Memory: BULLISH
2025-09-08 19:10:57,790 - TradingBot - INFO - Applying core strategy to 0 bot trade(s).
2025-09-08 19:10:57,790 - TradingBot - INFO - Strategy: Running checks...
2025-09-08 19:10:57,790 - TradingBot - INFO - No open bot trades. Checking for new entry signal.
2025-09-08 19:10:57,790 - TradingBot - INFO - Entry Signal Check (EMA Crossover): HOLD | Current Trend Memory: BULLISH
2025-09-08 19:10:58,802 - TradingBot - INFO - Applying core strategy to 0 bot trade(s).
2025-09-08 19:10:58,802 - TradingBot - INFO - Strategy: Running checks...
2025-09-08 19:10:58,802 - TradingBot - INFO - No open bot trades. Checking for new entry signal.
2025-09-08 19:10:58,802 - TradingBot - INFO - Entry Signal Check (EMA Crossover): HOLD | Current Trend Memory: BULLISH
2025-09-08 19:10:59,812 - TradingBot - INFO - Applying core strategy to 0 bot trade(s).
2025-09-08 19:10:59,812 - TradingBot - INFO - Strategy: Running checks...
2025-09-08 19:10:59,812 - TradingBot - INFO - No open bot trades. Checking for new entry signal.
2025-09-08 19:10:59,812 - TradingBot - INFO - Entry Signal Check (EMA Crossover): HOLD | Current Trend Memory: BULLISH
2025-09-08 19:11:00,825 - TradingBot - INFO - Applying core strategy to 0 bot trade(s).
2025-09-08 19:11:00,825 - TradingBot - INFO - Strategy: Running checks...
2025-09-08 19:11:00,825 - TradingBot - INFO - No open bot trades. Checking for new entry signal.
2025-09-08 19:11:00,825 - TradingBot - INFO - Entry Signal Check (EMA Crossover): HOLD | Current Trend Memory: BULLISH
2025-09-08 19:11:01,838 - TradingBot - INFO - Applying core strategy to 0 bot trade(s).
2025-09-08 19:11:01,838 - TradingBot - INFO - Strategy: Running checks...
2025-09-08 19:11:01,838 - TradingBot - INFO - No open bot trades. Checking for new entry signal.
2025-09-08 19:11:01,838 - TradingBot - INFO - Entry Signal Check (EMA Crossover): HOLD | Current Trend Memory: BULLISH
2025-09-08 19:11:02,854 - TradingBot - INFO - Applying core strategy to 0 bot trade(s).
2025-09-08 19:11:02,854 - TradingBot - INFO - Strategy: Running checks...
2025-09-08 19:11:02,854 - TradingBot - INFO - No open bot trades. Checking for new entry signal.
2025-09-08 19:11:02,869 - TradingBot - INFO - Entry Signal Check (EMA Crossover): HOLD | Current Trend Memory: BULLISH
2025-09-08 19:11:03,872 - TradingBot - INFO - Applying core strategy to 0 bot trade(s).
2025-09-08 19:11:03,872 - TradingBot - INFO - Strategy: Running checks...
2025-09-08 19:11:03,872 - TradingBot - INFO - No open bot trades. Checking for new entry signal.
2025-09-08 19:11:03,872 - TradingBot - INFO - Entry Signal Check (EMA Crossover): HOLD | Current Trend Memory: BULLISH
2025-09-08 19:11:04,884 - TradingBot - INFO - Applying core strategy to 0 bot trade(s).
2025-09-08 19:11:04,884 - TradingBot - INFO - Strategy: Running checks...
2025-09-08 19:11:04,884 - TradingBot - INFO - No open bot trades. Checking for new entry signal.
2025-09-08 19:11:04,884 - TradingBot - INFO - Entry Signal Check (EMA Crossover): HOLD | Current Trend Memory: BULLISH
2025-09-08 19:11:05,895 - TradingBot - INFO - Applying core strategy to 0 bot trade(s).
2025-09-08 19:11:05,895 - TradingBot - INFO - Strategy: Running checks...
2025-09-08 19:11:05,895 - TradingBot - INFO - No open bot trades. Checking for new entry signal.
2025-09-08 19:11:05,895 - TradingBot - INFO - Entry Signal Check (EMA Crossover): HOLD | Current Trend Memory: BULLISH
2025-09-08 19:11:06,906 - TradingBot - INFO - Applying core strategy to 0 bot trade(s).
2025-09-08 19:11:06,906 - TradingBot - INFO - Strategy: Running checks...
2025-09-08 19:11:06,906 - TradingBot - INFO - No open bot trades. Checking for new entry signal.
2025-09-08 19:11:06,906 - TradingBot - INFO - Entry Signal Check (EMA Crossover): HOLD | Current Trend Memory: BULLISH
2025-09-08 19:11:07,922 - TradingBot - INFO - Applying core strategy to 0 bot trade(s).
2025-09-08 19:11:07,922 - TradingBot - INFO - Strategy: Running checks...
2025-09-08 19:11:07,922 - TradingBot - INFO - No open bot trades. Checking for new entry signal.
2025-09-08 19:11:07,922 - TradingBot - INFO - Entry Signal Check (EMA Crossover): HOLD | Current Trend Memory: BULLISH
2025-09-08 19:11:08,932 - TradingBot - INFO - Applying core strategy to 0 bot trade(s).
2025-09-08 19:11:08,932 - TradingBot - INFO - Strategy: Running checks...
2025-09-08 19:11:08,932 - TradingBot - INFO - No open bot trades. Checking for new entry signal.
2025-09-08 19:11:08,948 - TradingBot - INFO - Entry Signal Check (EMA Crossover): HOLD | Current Trend Memory: BULLISH
2025-09-08 19:11:09,950 - TradingBot - INFO - Applying core strategy to 0 bot trade(s).
2025-09-08 19:11:09,950 - TradingBot - INFO - Strategy: Running checks...
2025-09-08 19:11:09,950 - TradingBot - INFO - No open bot trades. Checking for new entry signal.
2025-09-08 19:11:09,950 - TradingBot - INFO - Entry Signal Check (EMA Crossover): HOLD | Current Trend Memory: BULLISH
2025-09-08 19:11:10,964 - TradingBot - INFO - Applying core strategy to 0 bot trade(s).
2025-09-08 19:11:10,964 - TradingBot - INFO - Strategy: Running checks...
2025-09-08 19:11:10,964 - TradingBot - INFO - No open bot trades. Checking for new entry signal.
2025-09-08 19:11:10,964 - TradingBot - INFO - Entry Signal Check (EMA Crossover): HOLD | Current Trend Memory: BULLISH
2025-09-08 19:11:11,975 - TradingBot - INFO - Applying core strategy to 0 bot trade(s).
2025-09-08 19:11:11,975 - TradingBot - INFO - Strategy: Running checks...
2025-09-08 19:11:11,975 - TradingBot - INFO - No open bot trades. Checking for new entry signal.
2025-09-08 19:11:11,975 - TradingBot - INFO - Entry Signal Check (EMA Crossover): HOLD | Current Trend Memory: BULLISH
2025-09-08 19:11:12,986 - TradingBot - INFO - Applying core strategy to 0 bot trade(s).
2025-09-08 19:11:12,986 - TradingBot - INFO - Strategy: Running checks...
2025-09-08 19:11:12,986 - TradingBot - INFO - No open bot trades. Checking for new entry signal.
2025-09-08 19:11:12,986 - TradingBot - INFO - Entry Signal Check (EMA Crossover): HOLD | Current Trend Memory: BULLISH
2025-09-08 19:11:13,997 - TradingBot - INFO - Applying core strategy to 0 bot trade(s).
2025-09-08 19:11:13,997 - TradingBot - INFO - Strategy: Running checks...
2025-09-08 19:11:13,997 - TradingBot - INFO - No open bot trades. Checking for new entry signal.
2025-09-08 19:11:13,997 - TradingBot - INFO - Entry Signal Check (EMA Crossover): HOLD | Current Trend Memory: BULLISH
2025-09-08 19:11:15,012 - TradingBot - INFO - Applying core strategy to 0 bot trade(s).
2025-09-08 19:11:15,012 - TradingBot - INFO - Strategy: Running checks...
2025-09-08 19:11:15,012 - TradingBot - INFO - No open bot trades. Checking for new entry signal.
2025-09-08 19:11:15,012 - TradingBot - INFO - Entry Signal Check (EMA Crossover): HOLD | Current Trend Memory: BULLISH
2025-09-08 19:11:16,023 - TradingBot - INFO - Applying core strategy to 0 bot trade(s).
2025-09-08 19:11:16,023 - TradingBot - INFO - Strategy: Running checks...
2025-09-08 19:11:16,023 - TradingBot - INFO - No open bot trades. Checking for new entry signal.
2025-09-08 19:11:16,023 - TradingBot - INFO - Entry Signal Check (EMA Crossover): HOLD | Current Trend Memory: BULLISH
2025-09-08 19:11:17,033 - TradingBot - INFO - Applying core strategy to 0 bot trade(s).
2025-09-08 19:11:17,033 - TradingBot - INFO - Strategy: Running checks...
2025-09-08 19:11:17,033 - TradingBot - INFO - No open bot trades. Checking for new entry signal.
2025-09-08 19:11:17,033 - TradingBot - INFO - Entry Signal Check (EMA Crossover): HOLD | Current Trend Memory: BULLISH
2025-09-08 19:11:18,045 - TradingBot - INFO - Applying core strategy to 0 bot trade(s).
2025-09-08 19:11:18,045 - TradingBot - INFO - Strategy: Running checks...
2025-09-08 19:11:18,045 - TradingBot - INFO - No open bot trades. Checking for new entry signal.
2025-09-08 19:11:18,045 - TradingBot - INFO - Entry Signal Check (EMA Crossover): HOLD | Current Trend Memory: BULLISH
2025-09-08 19:11:19,057 - TradingBot - INFO - Applying core strategy to 0 bot trade(s).
2025-09-08 19:11:19,057 - TradingBot - INFO - Strategy: Running checks...
2025-09-08 19:11:19,057 - TradingBot - INFO - No open bot trades. Checking for new entry signal.
2025-09-08 19:11:19,057 - TradingBot - INFO - Entry Signal Check (EMA Crossover): HOLD | Current Trend Memory: BULLISH
2025-09-08 19:11:20,067 - TradingBot - INFO - Applying core strategy to 0 bot trade(s).
2025-09-08 19:11:20,067 - TradingBot - INFO - Strategy: Running checks...
2025-09-08 19:11:20,067 - TradingBot - INFO - No open bot trades. Checking for new entry signal.
2025-09-08 19:11:20,067 - TradingBot - INFO - Entry Signal Check (EMA Crossover): HOLD | Current Trend Memory: BULLISH
2025-09-08 19:11:21,081 - TradingBot - INFO - Applying core strategy to 0 bot trade(s).
2025-09-08 19:11:21,081 - TradingBot - INFO - Strategy: Running checks...
2025-09-08 19:11:21,081 - TradingBot - INFO - No open bot trades. Checking for new entry signal.
2025-09-08 19:11:21,081 - TradingBot - INFO - Entry Signal Check (EMA Crossover): HOLD | Current Trend Memory: BULLISH
2025-09-08 19:11:22,091 - TradingBot - INFO - Applying core strategy to 0 bot trade(s).
2025-09-08 19:11:22,091 - TradingBot - INFO - Strategy: Running checks...
2025-09-08 19:11:22,091 - TradingBot - INFO - No open bot trades. Checking for new entry signal.
2025-09-08 19:11:22,091 - TradingBot - INFO - Entry Signal Check (EMA Crossover): HOLD | Current Trend Memory: BULLISH
2025-09-08 19:11:23,104 - TradingBot - INFO - Applying core strategy to 0 bot trade(s).
2025-09-08 19:11:23,104 - TradingBot - INFO - Strategy: Running checks...
2025-09-08 19:11:23,104 - TradingBot - INFO - No open bot trades. Checking for new entry signal.
2025-09-08 19:11:23,104 - TradingBot - INFO - Entry Signal Check (EMA Crossover): HOLD | Current Trend Memory: BULLISH
2025-09-08 19:11:24,117 - TradingBot - INFO - Applying core strategy to 0 bot trade(s).
2025-09-08 19:11:24,117 - TradingBot - INFO - Strategy: Running checks...
2025-09-08 19:11:24,117 - TradingBot - INFO - No open bot trades. Checking for new entry signal.
2025-09-08 19:11:24,117 - TradingBot - INFO - Entry Signal Check (EMA Crossover): HOLD | Current Trend Memory: BULLISH
2025-09-08 19:11:25,129 - TradingBot - INFO - Applying core strategy to 0 bot trade(s).
2025-09-08 19:11:25,129 - TradingBot - INFO - Strategy: Running checks...
2025-09-08 19:11:25,129 - TradingBot - INFO - No open bot trades. Checking for new entry signal.
2025-09-08 19:11:25,129 - TradingBot - INFO - Entry Signal Check (EMA Crossover): HOLD | Current Trend Memory: BULLISH
2025-09-08 19:11:26,140 - TradingBot - INFO - Applying core strategy to 0 bot trade(s).
2025-09-08 19:11:26,140 - TradingBot - INFO - Strategy: Running checks...
2025-09-08 19:11:26,140 - TradingBot - INFO - No open bot trades. Checking for new entry signal.
2025-09-08 19:11:26,140 - TradingBot - INFO - Entry Signal Check (EMA Crossover): HOLD | Current Trend Memory: BULLISH
2025-09-08 19:11:27,153 - TradingBot - INFO - Applying core strategy to 0 bot trade(s).
2025-09-08 19:11:27,153 - TradingBot - INFO - Strategy: Running checks...
2025-09-08 19:11:27,153 - TradingBot - INFO - No open bot trades. Checking for new entry signal.
2025-09-08 19:11:27,153 - TradingBot - INFO - Entry Signal Check (EMA Crossover): HOLD | Current Trend Memory: BULLISH
2025-09-08 19:11:28,166 - TradingBot - INFO - Applying core strategy to 0 bot trade(s).
2025-09-08 19:11:28,166 - TradingBot - INFO - Strategy: Running checks...
2025-09-08 19:11:28,166 - TradingBot - INFO - No open bot trades. Checking for new entry signal.
2025-09-08 19:11:28,166 - TradingBot - INFO - Entry Signal Check (EMA Crossover): HOLD | Current Trend Memory: BULLISH
2025-09-08 19:11:29,178 - TradingBot - INFO - Applying core strategy to 0 bot trade(s).
2025-09-08 19:11:29,178 - TradingBot - INFO - Strategy: Running checks...
2025-09-08 19:11:29,178 - TradingBot - INFO - No open bot trades. Checking for new entry signal.
2025-09-08 19:11:29,178 - TradingBot - INFO - Entry Signal Check (EMA Crossover): HOLD | Current Trend Memory: BULLISH
2025-09-08 19:11:30,192 - TradingBot - INFO - Applying core strategy to 0 bot trade(s).
2025-09-08 19:11:30,192 - TradingBot - INFO - Strategy: Running checks...
2025-09-08 19:11:30,192 - TradingBot - INFO - No open bot trades. Checking for new entry signal.
2025-09-08 19:11:30,192 - TradingBot - INFO - Entry Signal Check (EMA Crossover): HOLD | Current Trend Memory: BULLISH
2025-09-08 19:11:31,204 - TradingBot - INFO - Applying core strategy to 0 bot trade(s).
2025-09-08 19:11:31,204 - TradingBot - INFO - Strategy: Running checks...
2025-09-08 19:11:31,204 - TradingBot - INFO - No open bot trades. Checking for new entry signal.
2025-09-08 19:11:31,204 - TradingBot - INFO - Entry Signal Check (EMA Crossover): HOLD | Current Trend Memory: BULLISH
2025-09-08 19:11:32,216 - TradingBot - INFO - Applying core strategy to 0 bot trade(s).
2025-09-08 19:11:32,216 - TradingBot - INFO - Strategy: Running checks...
2025-09-08 19:11:32,216 - TradingBot - INFO - No open bot trades. Checking for new entry signal.
2025-09-08 19:11:32,216 - TradingBot - INFO - Entry Signal Check (EMA Crossover): HOLD | Current Trend Memory: BULLISH
2025-09-08 19:11:33,226 - TradingBot - INFO - Applying core strategy to 0 bot trade(s).
2025-09-08 19:11:33,226 - TradingBot - INFO - Strategy: Running checks...
2025-09-08 19:11:33,226 - TradingBot - INFO - No open bot trades. Checking for new entry signal.
2025-09-08 19:11:33,226 - TradingBot - INFO - Entry Signal Check (EMA Crossover): HOLD | Current Trend Memory: BULLISH
2025-09-08 19:11:34,237 - TradingBot - INFO - Applying core strategy to 0 bot trade(s).
2025-09-08 19:11:34,237 - TradingBot - INFO - Strategy: Running checks...
2025-09-08 19:11:34,237 - TradingBot - INFO - No open bot trades. Checking for new entry signal.
2025-09-08 19:11:34,237 - TradingBot - INFO - Entry Signal Check (EMA Crossover): HOLD | Current Trend Memory: BULLISH
2025-09-08 19:11:35,249 - TradingBot - INFO - Applying core strategy to 0 bot trade(s).
2025-09-08 19:11:35,249 - TradingBot - INFO - Strategy: Running checks...
2025-09-08 19:11:35,249 - TradingBot - INFO - No open bot trades. Checking for new entry signal.
2025-09-08 19:11:35,249 - TradingBot - INFO - Entry Signal Check (EMA Crossover): HOLD | Current Trend Memory: BULLISH
2025-09-08 19:11:36,258 - TradingBot - INFO - Applying core strategy to 0 bot trade(s).
2025-09-08 19:11:36,258 - TradingBot - INFO - Strategy: Running checks...
2025-09-08 19:11:36,258 - TradingBot - INFO - No open bot trades. Checking for new entry signal.
2025-09-08 19:11:36,258 - TradingBot - INFO - Entry Signal Check (EMA Crossover): HOLD | Current Trend Memory: BULLISH
2025-09-08 19:11:37,268 - TradingBot - INFO - Applying core strategy to 0 bot trade(s).
2025-09-08 19:11:37,268 - TradingBot - INFO - Strategy: Running checks...
2025-09-08 19:11:37,268 - TradingBot - INFO - No open bot trades. Checking for new entry signal.
2025-09-08 19:11:37,268 - TradingBot - INFO - Entry Signal Check (EMA Crossover): HOLD | Current Trend Memory: BULLISH
2025-09-08 19:11:38,279 - TradingBot - INFO - Applying core strategy to 0 bot trade(s).
2025-09-08 19:11:38,279 - TradingBot - INFO - Strategy: Running checks...
2025-09-08 19:11:38,279 - TradingBot - INFO - No open bot trades. Checking for new entry signal.
2025-09-08 19:11:38,279 - TradingBot - INFO - Entry Signal Check (EMA Crossover): HOLD | Current Trend Memory: BULLISH
2025-09-08 19:11:39,289 - TradingBot - INFO - Applying core strategy to 0 bot trade(s).
2025-09-08 19:11:39,289 - TradingBot - INFO - Strategy: Running checks...
2025-09-08 19:11:39,289 - TradingBot - INFO - No open bot trades. Checking for new entry signal.
2025-09-08 19:11:39,289 - TradingBot - INFO - Entry Signal Check (EMA Crossover): HOLD | Current Trend Memory: BULLISH
2025-09-08 19:11:40,301 - TradingBot - INFO - Applying core strategy to 0 bot trade(s).
2025-09-08 19:11:40,301 - TradingBot - INFO - Strategy: Running checks...
2025-09-08 19:11:40,301 - TradingBot - INFO - No open bot trades. Checking for new entry signal.
2025-09-08 19:11:40,301 - TradingBot - INFO - Entry Signal Check (EMA Crossover): HOLD | Current Trend Memory: BULLISH
2025-09-08 19:11:41,311 - TradingBot - INFO - Applying core strategy to 0 bot trade(s).
2025-09-08 19:11:41,311 - TradingBot - INFO - Strategy: Running checks...
2025-09-08 19:11:41,311 - TradingBot - INFO - No open bot trades. Checking for new entry signal.
2025-09-08 19:11:41,311 - TradingBot - INFO - Entry Signal Check (EMA Crossover): HOLD | Current Trend Memory: BULLISH
2025-09-08 19:11:42,324 - TradingBot - INFO - Applying core strategy to 0 bot trade(s).
2025-09-08 19:11:42,324 - TradingBot - INFO - Strategy: Running checks...
2025-09-08 19:11:42,324 - TradingBot - INFO - No open bot trades. Checking for new entry signal.
2025-09-08 19:11:42,324 - TradingBot - INFO - Entry Signal Check (EMA Crossover): HOLD | Current Trend Memory: BULLISH
2025-09-08 19:11:43,338 - TradingBot - INFO - Applying core strategy to 0 bot trade(s).
2025-09-08 19:11:43,338 - TradingBot - INFO - Strategy: Running checks...
2025-09-08 19:11:43,338 - TradingBot - INFO - No open bot trades. Checking for new entry signal.
2025-09-08 19:11:43,338 - TradingBot - INFO - Entry Signal Check (EMA Crossover): HOLD | Current Trend Memory: BULLISH
2025-09-08 19:11:44,348 - TradingBot - INFO - Applying core strategy to 0 bot trade(s).
2025-09-08 19:11:44,348 - TradingBot - INFO - Strategy: Running checks...
2025-09-08 19:11:44,348 - TradingBot - INFO - No open bot trades. Checking for new entry signal.
2025-09-08 19:11:44,348 - TradingBot - INFO - Entry Signal Check (EMA Crossover): HOLD | Current Trend Memory: BULLISH
2025-09-08 19:11:45,358 - TradingBot - INFO - Applying core strategy to 0 bot trade(s).
2025-09-08 19:11:45,358 - TradingBot - INFO - Strategy: Running checks...
2025-09-08 19:11:45,358 - TradingBot - INFO - No open bot trades. Checking for new entry signal.
2025-09-08 19:11:45,358 - TradingBot - INFO - Entry Signal Check (EMA Crossover): HOLD | Current Trend Memory: BULLISH
2025-09-08 19:11:46,374 - TradingBot - INFO - Applying core strategy to 0 bot trade(s).
2025-09-08 19:11:46,374 - TradingBot - INFO - Strategy: Running checks...
2025-09-08 19:11:46,374 - TradingBot - INFO - No open bot trades. Checking for new entry signal.
2025-09-08 19:11:46,374 - TradingBot - INFO - Entry Signal Check (EMA Crossover): HOLD | Current Trend Memory: BULLISH
2025-09-08 19:11:47,386 - TradingBot - INFO - Applying core strategy to 0 bot trade(s).
2025-09-08 19:11:47,386 - TradingBot - INFO - Strategy: Running checks...
2025-09-08 19:11:47,386 - TradingBot - INFO - No open bot trades. Checking for new entry signal.
2025-09-08 19:11:47,386 - TradingBot - INFO - Entry Signal Check (EMA Crossover): HOLD | Current Trend Memory: BULLISH
2025-09-08 19:11:48,398 - TradingBot - INFO - Applying core strategy to 0 bot trade(s).
2025-09-08 19:11:48,398 - TradingBot - INFO - Strategy: Running checks...
2025-09-08 19:11:48,398 - TradingBot - INFO - No open bot trades. Checking for new entry signal.
2025-09-08 19:11:48,398 - TradingBot - INFO - Entry Signal Check (EMA Crossover): HOLD | Current Trend Memory: BULLISH
2025-09-08 19:11:49,409 - TradingBot - INFO - Applying core strategy to 0 bot trade(s).
2025-09-08 19:11:49,409 - TradingBot - INFO - Strategy: Running checks...
2025-09-08 19:11:49,409 - TradingBot - INFO - No open bot trades. Checking for new entry signal.
2025-09-08 19:11:49,409 - TradingBot - INFO - Entry Signal Check (EMA Crossover): HOLD | Current Trend Memory: BULLISH
2025-09-08 19:11:50,423 - TradingBot - INFO - Applying core strategy to 0 bot trade(s).
2025-09-08 19:11:50,423 - TradingBot - INFO - Strategy: Running checks...
2025-09-08 19:11:50,423 - TradingBot - INFO - No open bot trades. Checking for new entry signal.
2025-09-08 19:11:50,423 - TradingBot - INFO - Entry Signal Check (EMA Crossover): HOLD | Current Trend Memory: BULLISH
2025-09-08 19:11:51,433 - TradingBot - INFO - Applying core strategy to 0 bot trade(s).
2025-09-08 19:11:51,433 - TradingBot - INFO - Strategy: Running checks...
2025-09-08 19:11:51,433 - TradingBot - INFO - No open bot trades. Checking for new entry signal.
2025-09-08 19:11:51,433 - TradingBot - INFO - Entry Signal Check (EMA Crossover): HOLD | Current Trend Memory: BULLISH
2025-09-08 19:11:52,443 - TradingBot - INFO - Applying core strategy to 0 bot trade(s).
2025-09-08 19:11:52,443 - TradingBot - INFO - Strategy: Running checks...
2025-09-08 19:11:52,443 - TradingBot - INFO - No open bot trades. Checking for new entry signal.
2025-09-08 19:11:52,443 - TradingBot - INFO - Entry Signal Check (EMA Crossover): HOLD | Current Trend Memory: BULLISH
2025-09-08 19:11:53,454 - TradingBot - INFO - Applying core strategy to 0 bot trade(s).
2025-09-08 19:11:53,454 - TradingBot - INFO - Strategy: Running checks...
2025-09-08 19:11:53,454 - TradingBot - INFO - No open bot trades. Checking for new entry signal.
2025-09-08 19:11:53,454 - TradingBot - INFO - Entry Signal Check (EMA Crossover): HOLD | Current Trend Memory: BULLISH
2025-09-08 19:11:54,465 - TradingBot - INFO - Applying core strategy to 0 bot trade(s).
2025-09-08 19:11:54,465 - TradingBot - INFO - Strategy: Running checks...
2025-09-08 19:11:54,465 - TradingBot - INFO - No open bot trades. Checking for new entry signal.
2025-09-08 19:11:54,465 - TradingBot - INFO - Entry Signal Check (EMA Crossover): HOLD | Current Trend Memory: BULLISH
2025-09-08 19:11:55,476 - TradingBot - INFO - Applying core strategy to 0 bot trade(s).
2025-09-08 19:11:55,476 - TradingBot - INFO - Strategy: Running checks...
2025-09-08 19:11:55,476 - TradingBot - INFO - No open bot trades. Checking for new entry signal.
2025-09-08 19:11:55,476 - TradingBot - INFO - Entry Signal Check (EMA Crossover): HOLD | Current Trend Memory: BULLISH
2025-09-08 19:11:56,487 - TradingBot - INFO - Applying core strategy to 0 bot trade(s).
2025-09-08 19:11:56,487 - TradingBot - INFO - Strategy: Running checks...
2025-09-08 19:11:56,487 - TradingBot - INFO - No open bot trades. Checking for new entry signal.
2025-09-08 19:11:56,487 - TradingBot - INFO - Entry Signal Check (EMA Crossover): HOLD | Current Trend Memory: BULLISH
2025-09-08 19:11:57,499 - TradingBot - INFO - Applying core strategy to 0 bot trade(s).
2025-09-08 19:11:57,499 - TradingBot - INFO - Strategy: Running checks...
2025-09-08 19:11:57,499 - TradingBot - INFO - No open bot trades. Checking for new entry signal.
2025-09-08 19:11:57,499 - TradingBot - INFO - Entry Signal Check (EMA Crossover): HOLD | Current Trend Memory: BULLISH
2025-09-08 19:11:58,511 - TradingBot - INFO - Applying core strategy to 0 bot trade(s).
2025-09-08 19:11:58,511 - TradingBot - INFO - Strategy: Running checks...
2025-09-08 19:11:58,511 - TradingBot - INFO - No open bot trades. Checking for new entry signal.
2025-09-08 19:11:58,511 - TradingBot - INFO - Entry Signal Check (EMA Crossover): HOLD | Current Trend Memory: BULLISH
2025-09-08 19:11:59,521 - TradingBot - INFO - Applying core strategy to 0 bot trade(s).
2025-09-08 19:11:59,521 - TradingBot - INFO - Strategy: Running checks...
2025-09-08 19:11:59,521 - TradingBot - INFO - No open bot trades. Checking for new entry signal.
2025-09-08 19:11:59,521 - TradingBot - INFO - Entry Signal Check (EMA Crossover): HOLD | Current Trend Memory: BULLISH
2025-09-08 19:12:00,532 - TradingBot - INFO - Applying core strategy to 0 bot trade(s).
2025-09-08 19:12:00,532 - TradingBot - INFO - Strategy: Running checks...
2025-09-08 19:12:00,532 - TradingBot - INFO - No open bot trades. Checking for new entry signal.
2025-09-08 19:12:00,550 - TradingBot - INFO - Entry Signal Check (EMA Crossover): HOLD | Current Trend Memory: BULLISH
2025-09-08 19:12:01,552 - TradingBot - INFO - Applying core strategy to 0 bot trade(s).
2025-09-08 19:12:01,552 - TradingBot - INFO - Strategy: Running checks...
2025-09-08 19:12:01,552 - TradingBot - INFO - No open bot trades. Checking for new entry signal.
2025-09-08 19:12:01,552 - TradingBot - INFO - Entry Signal Check (EMA Crossover): HOLD | Current Trend Memory: BULLISH
2025-09-08 19:12:02,568 - TradingBot - INFO - Applying core strategy to 0 bot trade(s).
2025-09-08 19:12:02,568 - TradingBot - INFO - Strategy: Running checks...
2025-09-08 19:12:02,568 - TradingBot - INFO - No open bot trades. Checking for new entry signal.
2025-09-08 19:12:02,568 - TradingBot - INFO - Entry Signal Check (EMA Crossover): HOLD | Current Trend Memory: BULLISH
2025-09-08 19:12:03,581 - TradingBot - INFO - Applying core strategy to 0 bot trade(s).
2025-09-08 19:12:03,581 - TradingBot - INFO - Strategy: Running checks...
2025-09-08 19:12:03,581 - TradingBot - INFO - No open bot trades. Checking for new entry signal.
2025-09-08 19:12:03,581 - TradingBot - INFO - Entry Signal Check (EMA Crossover): HOLD | Current Trend Memory: BULLISH
2025-09-08 19:12:04,594 - TradingBot - INFO - Applying core strategy to 0 bot trade(s).
2025-09-08 19:12:04,594 - TradingBot - INFO - Strategy: Running checks...
2025-09-08 19:12:04,594 - TradingBot - INFO - No open bot trades. Checking for new entry signal.
2025-09-08 19:12:04,594 - TradingBot - INFO - Entry Signal Check (EMA Crossover): HOLD | Current Trend Memory: BULLISH
2025-09-08 19:12:05,606 - TradingBot - INFO - Applying core strategy to 0 bot trade(s).
2025-09-08 19:12:05,606 - TradingBot - INFO - Strategy: Running checks...
2025-09-08 19:12:05,606 - TradingBot - INFO - No open bot trades. Checking for new entry signal.
2025-09-08 19:12:05,606 - TradingBot - INFO - Entry Signal Check (EMA Crossover): HOLD | Current Trend Memory: BULLISH
2025-09-08 19:12:06,620 - TradingBot - INFO - Applying core strategy to 0 bot trade(s).
2025-09-08 19:12:06,620 - TradingBot - INFO - Strategy: Running checks...
2025-09-08 19:12:06,620 - TradingBot - INFO - No open bot trades. Checking for new entry signal.
2025-09-08 19:12:06,620 - TradingBot - INFO - Entry Signal Check (EMA Crossover): HOLD | Current Trend Memory: BULLISH
2025-09-08 19:12:07,630 - TradingBot - INFO - Applying core strategy to 0 bot trade(s).
2025-09-08 19:12:07,630 - TradingBot - INFO - Strategy: Running checks...
2025-09-08 19:12:07,630 - TradingBot - INFO - No open bot trades. Checking for new entry signal.
2025-09-08 19:12:07,630 - TradingBot - INFO - Entry Signal Check (EMA Crossover): HOLD | Current Trend Memory: BULLISH
2025-09-08 19:12:08,641 - TradingBot - INFO - Applying core strategy to 0 bot trade(s).
2025-09-08 19:12:08,641 - TradingBot - INFO - Strategy: Running checks...
2025-09-08 19:12:08,641 - TradingBot - INFO - No open bot trades. Checking for new entry signal.
2025-09-08 19:12:08,641 - TradingBot - INFO - Entry Signal Check (EMA Crossover): HOLD | Current Trend Memory: BULLISH
2025-09-08 19:12:09,652 - TradingBot - INFO - Applying core strategy to 0 bot trade(s).
2025-09-08 19:12:09,652 - TradingBot - INFO - Strategy: Running checks...
2025-09-08 19:12:09,652 - TradingBot - INFO - No open bot trades. Checking for new entry signal.
2025-09-08 19:12:09,652 - TradingBot - INFO - Entry Signal Check (EMA Crossover): HOLD | Current Trend Memory: BULLISH
2025-09-08 19:12:10,662 - TradingBot - INFO - Applying core strategy to 0 bot trade(s).
2025-09-08 19:12:10,662 - TradingBot - INFO - Strategy: Running checks...
2025-09-08 19:12:10,662 - TradingBot - INFO - No open bot trades. Checking for new entry signal.
2025-09-08 19:12:10,662 - TradingBot - INFO - Entry Signal Check (EMA Crossover): HOLD | Current Trend Memory: BULLISH
2025-09-08 19:12:11,676 - TradingBot - INFO - Applying core strategy to 0 bot trade(s).
2025-09-08 19:12:11,676 - TradingBot - INFO - Strategy: Running checks...
2025-09-08 19:12:11,676 - TradingBot - INFO - No open bot trades. Checking for new entry signal.
2025-09-08 19:12:11,676 - TradingBot - INFO - Entry Signal Check (EMA Crossover): HOLD | Current Trend Memory: BULLISH
2025-09-08 19:12:12,686 - TradingBot - INFO - Applying core strategy to 0 bot trade(s).
2025-09-08 19:12:12,686 - TradingBot - INFO - Strategy: Running checks...
2025-09-08 19:12:12,686 - TradingBot - INFO - No open bot trades. Checking for new entry signal.
2025-09-08 19:12:12,686 - TradingBot - INFO - Entry Signal Check (EMA Crossover): HOLD | Current Trend Memory: BULLISH
2025-09-08 19:12:13,699 - TradingBot - INFO - Applying core strategy to 0 bot trade(s).
2025-09-08 19:12:13,699 - TradingBot - INFO - Strategy: Running checks...
2025-09-08 19:12:13,699 - TradingBot - INFO - No open bot trades. Checking for new entry signal.
2025-09-08 19:12:13,699 - TradingBot - INFO - Entry Signal Check (EMA Crossover): HOLD | Current Trend Memory: BULLISH
2025-09-08 19:12:14,710 - TradingBot - INFO - Applying core strategy to 0 bot trade(s).
2025-09-08 19:12:14,710 - TradingBot - INFO - Strategy: Running checks...
2025-09-08 19:12:14,710 - TradingBot - INFO - No open bot trades. Checking for new entry signal.
2025-09-08 19:12:14,710 - TradingBot - INFO - Entry Signal Check (EMA Crossover): HOLD | Current Trend Memory: BULLISH
2025-09-08 19:12:15,722 - TradingBot - INFO - Applying core strategy to 0 bot trade(s).
2025-09-08 19:12:15,722 - TradingBot - INFO - Strategy: Running checks...
2025-09-08 19:12:15,722 - TradingBot - INFO - No open bot trades. Checking for new entry signal.
2025-09-08 19:12:15,722 - TradingBot - INFO - Entry Signal Check (EMA Crossover): HOLD | Current Trend Memory: BULLISH
2025-09-08 19:12:16,736 - TradingBot - INFO - Applying core strategy to 0 bot trade(s).
2025-09-08 19:12:16,736 - TradingBot - INFO - Strategy: Running checks...
2025-09-08 19:12:16,736 - TradingBot - INFO - No open bot trades. Checking for new entry signal.
2025-09-08 19:12:16,736 - TradingBot - INFO - Entry Signal Check (EMA Crossover): HOLD | Current Trend Memory: BULLISH
2025-09-08 19:12:17,748 - TradingBot - INFO - Applying core strategy to 0 bot trade(s).
2025-09-08 19:12:17,748 - TradingBot - INFO - Strategy: Running checks...
2025-09-08 19:12:17,748 - TradingBot - INFO - No open bot trades. Checking for new entry signal.
2025-09-08 19:12:17,748 - TradingBot - INFO - Entry Signal Check (EMA Crossover): HOLD | Current Trend Memory: BULLISH
2025-09-08 19:12:18,758 - TradingBot - INFO - Applying core strategy to 0 bot trade(s).
2025-09-08 19:12:18,758 - TradingBot - INFO - Strategy: Running checks...
2025-09-08 19:12:18,758 - TradingBot - INFO - No open bot trades. Checking for new entry signal.
2025-09-08 19:12:18,758 - TradingBot - INFO - Entry Signal Check (EMA Crossover): HOLD | Current Trend Memory: BULLISH
2025-09-08 19:12:19,769 - TradingBot - INFO - Applying core strategy to 0 bot trade(s).
2025-09-08 19:12:19,769 - TradingBot - INFO - Strategy: Running checks...
2025-09-08 19:12:19,769 - TradingBot - INFO - No open bot trades. Checking for new entry signal.
2025-09-08 19:12:19,769 - TradingBot - INFO - Entry Signal Check (EMA Crossover): HOLD | Current Trend Memory: BULLISH
2025-09-08 19:12:20,780 - TradingBot - INFO - Applying core strategy to 0 bot trade(s).
2025-09-08 19:12:20,780 - TradingBot - INFO - Strategy: Running checks...
2025-09-08 19:12:20,796 - TradingBot - INFO - No open bot trades. Checking for new entry signal.
2025-09-08 19:12:20,811 - TradingBot - INFO - Entry Signal Check (EMA Crossover): HOLD | Current Trend Memory: BULLISH
2025-09-08 19:12:21,813 - TradingBot - INFO - Applying core strategy to 0 bot trade(s).
2025-09-08 19:12:21,813 - TradingBot - INFO - Strategy: Running checks...
2025-09-08 19:12:21,813 - TradingBot - INFO - No open bot trades. Checking for new entry signal.
2025-09-08 19:12:21,813 - TradingBot - INFO - Entry Signal Check (EMA Crossover): HOLD | Current Trend Memory: BULLISH
2025-09-08 19:12:22,823 - TradingBot - INFO - Applying core strategy to 0 bot trade(s).
2025-09-08 19:12:22,823 - TradingBot - INFO - Strategy: Running checks...
2025-09-08 19:12:22,823 - TradingBot - INFO - No open bot trades. Checking for new entry signal.
2025-09-08 19:12:22,823 - TradingBot - INFO - Entry Signal Check (EMA Crossover): HOLD | Current Trend Memory: BULLISH
2025-09-08 19:12:23,834 - TradingBot - INFO - Applying core strategy to 0 bot trade(s).
2025-09-08 19:12:23,834 - TradingBot - INFO - Strategy: Running checks...
2025-09-08 19:12:23,834 - TradingBot - INFO - No open bot trades. Checking for new entry signal.
2025-09-08 19:12:23,834 - TradingBot - INFO - Entry Signal Check (EMA Crossover): HOLD | Current Trend Memory: BULLISH
2025-09-08 19:12:24,848 - TradingBot - INFO - Applying core strategy to 0 bot trade(s).
2025-09-08 19:12:24,848 - TradingBot - INFO - Strategy: Running checks...
2025-09-08 19:12:24,848 - TradingBot - INFO - No open bot trades. Checking for new entry signal.
2025-09-08 19:12:24,848 - TradingBot - INFO - Entry Signal Check (EMA Crossover): HOLD | Current Trend Memory: BULLISH
2025-09-08 19:12:25,861 - TradingBot - INFO - Applying core strategy to 0 bot trade(s).
2025-09-08 19:12:25,861 - TradingBot - INFO - Strategy: Running checks...
2025-09-08 19:12:25,861 - TradingBot - INFO - No open bot trades. Checking for new entry signal.
2025-09-08 19:12:25,861 - TradingBot - INFO - Entry Signal Check (EMA Crossover): HOLD | Current Trend Memory: BULLISH
2025-09-08 19:12:26,872 - TradingBot - INFO - Applying core strategy to 0 bot trade(s).
2025-09-08 19:12:26,872 - TradingBot - INFO - Strategy: Running checks...
2025-09-08 19:12:26,872 - TradingBot - INFO - No open bot trades. Checking for new entry signal.
2025-09-08 19:12:26,872 - TradingBot - INFO - Entry Signal Check (EMA Crossover): HOLD | Current Trend Memory: BULLISH
2025-09-08 19:12:27,885 - TradingBot - INFO - Applying core strategy to 0 bot trade(s).
2025-09-08 19:12:27,885 - TradingBot - INFO - Strategy: Running checks...
2025-09-08 19:12:27,885 - TradingBot - INFO - No open bot trades. Checking for new entry signal.
2025-09-08 19:12:27,885 - TradingBot - INFO - Entry Signal Check (EMA Crossover): HOLD | Current Trend Memory: BULLISH
2025-09-08 19:12:28,897 - TradingBot - INFO - Applying core strategy to 0 bot trade(s).
2025-09-08 19:12:28,897 - TradingBot - INFO - Strategy: Running checks...
2025-09-08 19:12:28,897 - TradingBot - INFO - No open bot trades. Checking for new entry signal.
2025-09-08 19:12:28,897 - TradingBot - INFO - Entry Signal Check (EMA Crossover): HOLD | Current Trend Memory: BULLISH
2025-09-08 19:12:29,907 - TradingBot - INFO - Applying core strategy to 0 bot trade(s).
2025-09-08 19:12:29,907 - TradingBot - INFO - Strategy: Running checks...
2025-09-08 19:12:29,907 - TradingBot - INFO - No open bot trades. Checking for new entry signal.
2025-09-08 19:12:29,907 - TradingBot - INFO - Entry Signal Check (EMA Crossover): HOLD | Current Trend Memory: BULLISH
2025-09-08 19:12:30,921 - TradingBot - INFO - Applying core strategy to 0 bot trade(s).
2025-09-08 19:12:30,921 - TradingBot - INFO - Strategy: Running checks...
2025-09-08 19:12:30,921 - TradingBot - INFO - No open bot trades. Checking for new entry signal.
2025-09-08 19:12:30,921 - TradingBot - INFO - Entry Signal Check (EMA Crossover): HOLD | Current Trend Memory: BULLISH
2025-09-08 19:12:31,931 - TradingBot - INFO - Applying core strategy to 0 bot trade(s).
2025-09-08 19:12:31,931 - TradingBot - INFO - Strategy: Running checks...
2025-09-08 19:12:31,931 - TradingBot - INFO - No open bot trades. Checking for new entry signal.
2025-09-08 19:12:31,931 - TradingBot - INFO - Entry Signal Check (EMA Crossover): HOLD | Current Trend Memory: BULLISH
2025-09-08 19:12:32,944 - TradingBot - INFO - Applying core strategy to 0 bot trade(s).
2025-09-08 19:12:32,944 - TradingBot - INFO - Strategy: Running checks...
2025-09-08 19:12:32,944 - TradingBot - INFO - No open bot trades. Checking for new entry signal.
2025-09-08 19:12:32,944 - TradingBot - INFO - Entry Signal Check (EMA Crossover): HOLD | Current Trend Memory: BULLISH
2025-09-08 19:12:33,957 - TradingBot - INFO - Applying core strategy to 0 bot trade(s).
2025-09-08 19:12:33,957 - TradingBot - INFO - Strategy: Running checks...
2025-09-08 19:12:33,957 - TradingBot - INFO - No open bot trades. Checking for new entry signal.
2025-09-08 19:12:33,957 - TradingBot - INFO - Entry Signal Check (EMA Crossover): HOLD | Current Trend Memory: BULLISH
2025-09-08 19:12:34,968 - TradingBot - INFO - Applying core strategy to 0 bot trade(s).
2025-09-08 19:12:34,968 - TradingBot - INFO - Strategy: Running checks...
2025-09-08 19:12:34,968 - TradingBot - INFO - No open bot trades. Checking for new entry signal.
2025-09-08 19:12:34,984 - TradingBot - INFO - Entry Signal Check (EMA Crossover): HOLD | Current Trend Memory: BULLISH
2025-09-08 19:12:35,986 - TradingBot - INFO - Applying core strategy to 0 bot trade(s).
2025-09-08 19:12:35,986 - TradingBot - INFO - Strategy: Running checks...
2025-09-08 19:12:35,986 - TradingBot - INFO - No open bot trades. Checking for new entry signal.
2025-09-08 19:12:35,986 - TradingBot - INFO - Entry Signal Check (EMA Crossover): HOLD | Current Trend Memory: BULLISH
2025-09-08 19:12:36,996 - TradingBot - INFO - Applying core strategy to 0 bot trade(s).
2025-09-08 19:12:36,996 - TradingBot - INFO - Strategy: Running checks...
2025-09-08 19:12:36,996 - TradingBot - INFO - No open bot trades. Checking for new entry signal.
2025-09-08 19:12:36,996 - TradingBot - INFO - Entry Signal Check (EMA Crossover): HOLD | Current Trend Memory: BULLISH
2025-09-08 19:12:38,008 - TradingBot - INFO - Applying core strategy to 0 bot trade(s).
2025-09-08 19:12:38,008 - TradingBot - INFO - Strategy: Running checks...
2025-09-08 19:12:38,008 - TradingBot - INFO - No open bot trades. Checking for new entry signal.
2025-09-08 19:12:38,008 - TradingBot - INFO - Entry Signal Check (EMA Crossover): HOLD | Current Trend Memory: BULLISH
2025-09-08 19:12:39,020 - TradingBot - INFO - Applying core strategy to 0 bot trade(s).
2025-09-08 19:12:39,020 - TradingBot - INFO - Strategy: Running checks...
2025-09-08 19:12:39,020 - TradingBot - INFO - No open bot trades. Checking for new entry signal.
2025-09-08 19:12:39,020 - TradingBot - INFO - Entry Signal Check (EMA Crossover): HOLD | Current Trend Memory: BULLISH
2025-09-08 19:12:40,035 - TradingBot - INFO - Applying core strategy to 0 bot trade(s).
2025-09-08 19:12:40,035 - TradingBot - INFO - Strategy: Running checks...
2025-09-08 19:12:40,035 - TradingBot - INFO - No open bot trades. Checking for new entry signal.
2025-09-08 19:12:40,035 - TradingBot - INFO - Entry Signal Check (EMA Crossover): HOLD | Current Trend Memory: BULLISH
2025-09-08 19:12:41,049 - TradingBot - INFO - Applying core strategy to 0 bot trade(s).
2025-09-08 19:12:41,049 - TradingBot - INFO - Strategy: Running checks...
2025-09-08 19:12:41,049 - TradingBot - INFO - No open bot trades. Checking for new entry signal.
2025-09-08 19:12:41,049 - TradingBot - INFO - Entry Signal Check (EMA Crossover): HOLD | Current Trend Memory: BULLISH
2025-09-08 19:12:42,062 - TradingBot - INFO - Applying core strategy to 0 bot trade(s).
2025-09-08 19:12:42,062 - TradingBot - INFO - Strategy: Running checks...
2025-09-08 19:12:42,062 - TradingBot - INFO - No open bot trades. Checking for new entry signal.
2025-09-08 19:12:42,062 - TradingBot - INFO - Entry Signal Check (EMA Crossover): HOLD | Current Trend Memory: BULLISH
2025-09-08 19:12:43,073 - TradingBot - INFO - Applying core strategy to 0 bot trade(s).
2025-09-08 19:12:43,073 - TradingBot - INFO - Strategy: Running checks...
2025-09-08 19:12:43,073 - TradingBot - INFO - No open bot trades. Checking for new entry signal.
2025-09-08 19:12:43,073 - TradingBot - INFO - Entry Signal Check (EMA Crossover): HOLD | Current Trend Memory: BULLISH
2025-09-08 19:12:44,088 - TradingBot - INFO - Applying core strategy to 0 bot trade(s).
2025-09-08 19:12:44,088 - TradingBot - INFO - Strategy: Running checks...
2025-09-08 19:12:44,088 - TradingBot - INFO - No open bot trades. Checking for new entry signal.
2025-09-08 19:12:44,088 - TradingBot - INFO - Entry Signal Check (EMA Crossover): HOLD | Current Trend Memory: BULLISH
2025-09-08 19:12:45,098 - TradingBot - INFO - Applying core strategy to 0 bot trade(s).
2025-09-08 19:12:45,098 - TradingBot - INFO - Strategy: Running checks...
2025-09-08 19:12:45,098 - TradingBot - INFO - No open bot trades. Checking for new entry signal.
2025-09-08 19:12:45,098 - TradingBot - INFO - Entry Signal Check (EMA Crossover): HOLD | Current Trend Memory: BULLISH
2025-09-08 19:12:46,110 - TradingBot - INFO - Applying core strategy to 0 bot trade(s).
2025-09-08 19:12:46,110 - TradingBot - INFO - Strategy: Running checks...
2025-09-08 19:12:46,110 - TradingBot - INFO - No open bot trades. Checking for new entry signal.
2025-09-08 19:12:46,110 - TradingBot - INFO - Entry Signal Check (EMA Crossover): HOLD | Current Trend Memory: BULLISH
2025-09-08 19:12:47,125 - TradingBot - INFO - Applying core strategy to 0 bot trade(s).
2025-09-08 19:12:47,125 - TradingBot - INFO - Strategy: Running checks...
2025-09-08 19:12:47,125 - TradingBot - INFO - No open bot trades. Checking for new entry signal.
2025-09-08 19:12:47,125 - TradingBot - INFO - Entry Signal Check (EMA Crossover): HOLD | Current Trend Memory: BULLISH
2025-09-08 19:12:48,137 - TradingBot - INFO - Applying core strategy to 0 bot trade(s).
2025-09-08 19:12:48,137 - TradingBot - INFO - Strategy: Running checks...
2025-09-08 19:12:48,137 - TradingBot - INFO - No open bot trades. Checking for new entry signal.
2025-09-08 19:12:48,137 - TradingBot - INFO - Entry Signal Check (EMA Crossover): HOLD | Current Trend Memory: BULLISH
2025-09-08 19:12:49,151 - TradingBot - INFO - Applying core strategy to 0 bot trade(s).
2025-09-08 19:12:49,151 - TradingBot - INFO - Strategy: Running checks...
2025-09-08 19:12:49,151 - TradingBot - INFO - No open bot trades. Checking for new entry signal.
2025-09-08 19:12:49,151 - TradingBot - INFO - Entry Signal Check (EMA Crossover): HOLD | Current Trend Memory: BULLISH
2025-09-08 19:12:50,162 - TradingBot - INFO - Applying core strategy to 0 bot trade(s).
2025-09-08 19:12:50,162 - TradingBot - INFO - Strategy: Running checks...
2025-09-08 19:12:50,162 - TradingBot - INFO - No open bot trades. Checking for new entry signal.
2025-09-08 19:12:50,162 - TradingBot - INFO - Entry Signal Check (EMA Crossover): HOLD | Current Trend Memory: BULLISH
2025-09-08 19:12:51,174 - TradingBot - INFO - Applying core strategy to 0 bot trade(s).
2025-09-08 19:12:51,174 - TradingBot - INFO - Strategy: Running checks...
2025-09-08 19:12:51,174 - TradingBot - INFO - No open bot trades. Checking for new entry signal.
2025-09-08 19:12:51,174 - TradingBot - INFO - Entry Signal Check (EMA Crossover): HOLD | Current Trend Memory: BULLISH
2025-09-08 19:12:52,186 - TradingBot - INFO - Applying core strategy to 0 bot trade(s).
2025-09-08 19:12:52,186 - TradingBot - INFO - Strategy: Running checks...
2025-09-08 19:12:52,186 - TradingBot - INFO - No open bot trades. Checking for new entry signal.
2025-09-08 19:12:52,186 - TradingBot - INFO - Entry Signal Check (EMA Crossover): HOLD | Current Trend Memory: BULLISH
2025-09-08 19:12:53,197 - TradingBot - INFO - Applying core strategy to 0 bot trade(s).
2025-09-08 19:12:53,197 - TradingBot - INFO - Strategy: Running checks...
2025-09-08 19:12:53,197 - TradingBot - INFO - No open bot trades. Checking for new entry signal.
2025-09-08 19:12:53,197 - TradingBot - INFO - Entry Signal Check (EMA Crossover): HOLD | Current Trend Memory: BULLISH
2025-09-08 19:12:54,209 - TradingBot - INFO - Applying core strategy to 0 bot trade(s).
2025-09-08 19:12:54,209 - TradingBot - INFO - Strategy: Running checks...
2025-09-08 19:12:54,209 - TradingBot - INFO - No open bot trades. Checking for new entry signal.
2025-09-08 19:12:54,209 - TradingBot - INFO - Entry Signal Check (EMA Crossover): HOLD | Current Trend Memory: BULLISH
2025-09-08 19:12:55,226 - TradingBot - INFO - Applying core strategy to 0 bot trade(s).
2025-09-08 19:12:55,226 - TradingBot - INFO - Strategy: Running checks...
2025-09-08 19:12:55,226 - TradingBot - INFO - No open bot trades. Checking for new entry signal.
2025-09-08 19:12:55,226 - TradingBot - INFO - Entry Signal Check (EMA Crossover): HOLD | Current Trend Memory: BULLISH
2025-09-08 19:12:56,237 - TradingBot - INFO - Applying core strategy to 0 bot trade(s).
2025-09-08 19:12:56,237 - TradingBot - INFO - Strategy: Running checks...
2025-09-08 19:12:56,237 - TradingBot - INFO - No open bot trades. Checking for new entry signal.
2025-09-08 19:12:56,237 - TradingBot - INFO - Entry Signal Check (EMA Crossover): HOLD | Current Trend Memory: BULLISH
2025-09-08 19:12:57,249 - TradingBot - INFO - Applying core strategy to 0 bot trade(s).
2025-09-08 19:12:57,249 - TradingBot - INFO - Strategy: Running checks...
2025-09-08 19:12:57,249 - TradingBot - INFO - No open bot trades. Checking for new entry signal.
2025-09-08 19:12:57,249 - TradingBot - INFO - Entry Signal Check (EMA Crossover): HOLD | Current Trend Memory: BULLISH
2025-09-08 19:12:58,259 - TradingBot - INFO - Applying core strategy to 0 bot trade(s).
2025-09-08 19:12:58,259 - TradingBot - INFO - Strategy: Running checks...
2025-09-08 19:12:58,259 - TradingBot - INFO - No open bot trades. Checking for new entry signal.
2025-09-08 19:12:58,259 - TradingBot - INFO - Entry Signal Check (EMA Crossover): HOLD | Current Trend Memory: BULLISH
2025-09-08 19:12:59,271 - TradingBot - INFO - Applying core strategy to 0 bot trade(s).
2025-09-08 19:12:59,271 - TradingBot - INFO - Strategy: Running checks...
2025-09-08 19:12:59,271 - TradingBot - INFO - No open bot trades. Checking for new entry signal.
2025-09-08 19:12:59,271 - TradingBot - INFO - Entry Signal Check (EMA Crossover): HOLD | Current Trend Memory: BULLISH
2025-09-08 19:13:00,286 - TradingBot - INFO - Applying core strategy to 0 bot trade(s).
2025-09-08 19:13:00,286 - TradingBot - INFO - Strategy: Running checks...
2025-09-08 19:13:00,286 - TradingBot - INFO - No open bot trades. Checking for new entry signal.
2025-09-08 19:13:00,286 - TradingBot - INFO - Entry Signal Check (EMA Crossover): HOLD | Current Trend Memory: BULLISH
2025-09-08 19:13:01,298 - TradingBot - INFO - Applying core strategy to 0 bot trade(s).
2025-09-08 19:13:01,298 - TradingBot - INFO - Strategy: Running checks...
2025-09-08 19:13:01,298 - TradingBot - INFO - No open bot trades. Checking for new entry signal.
2025-09-08 19:13:01,298 - TradingBot - INFO - Entry Signal Check (EMA Crossover): HOLD | Current Trend Memory: BULLISH
2025-09-08 19:13:02,312 - TradingBot - INFO - Applying core strategy to 0 bot trade(s).
2025-09-08 19:13:02,312 - TradingBot - INFO - Strategy: Running checks...
2025-09-08 19:13:02,312 - TradingBot - INFO - No open bot trades. Checking for new entry signal.
2025-09-08 19:13:02,312 - TradingBot - INFO - Entry Signal Check (EMA Crossover): HOLD | Current Trend Memory: BULLISH
2025-09-08 19:13:03,323 - TradingBot - INFO - Applying core strategy to 0 bot trade(s).
2025-09-08 19:13:03,323 - TradingBot - INFO - Strategy: Running checks...
2025-09-08 19:13:03,323 - TradingBot - INFO - No open bot trades. Checking for new entry signal.
2025-09-08 19:13:03,323 - TradingBot - INFO - Entry Signal Check (EMA Crossover): HOLD | Current Trend Memory: BULLISH
2025-09-08 19:13:04,336 - TradingBot - INFO - Applying core strategy to 0 bot trade(s).
2025-09-08 19:13:04,336 - TradingBot - INFO - Strategy: Running checks...
2025-09-08 19:13:04,336 - TradingBot - INFO - No open bot trades. Checking for new entry signal.
2025-09-08 19:13:04,336 - TradingBot - INFO - Entry Signal Check (EMA Crossover): HOLD | Current Trend Memory: BULLISH
2025-09-08 19:13:05,350 - TradingBot - INFO - Applying core strategy to 0 bot trade(s).
2025-09-08 19:13:05,350 - TradingBot - INFO - Strategy: Running checks...
2025-09-08 19:13:05,350 - TradingBot - INFO - No open bot trades. Checking for new entry signal.
2025-09-08 19:13:05,350 - TradingBot - INFO - Entry Signal Check (EMA Crossover): HOLD | Current Trend Memory: BULLISH
2025-09-08 19:13:06,360 - TradingBot - INFO - Applying core strategy to 0 bot trade(s).
2025-09-08 19:13:06,360 - TradingBot - INFO - Strategy: Running checks...
2025-09-08 19:13:06,360 - TradingBot - INFO - No open bot trades. Checking for new entry signal.
2025-09-08 19:13:06,360 - TradingBot - INFO - Entry Signal Check (EMA Crossover): HOLD | Current Trend Memory: BULLISH
2025-09-08 19:13:07,373 - TradingBot - INFO - Applying core strategy to 0 bot trade(s).
2025-09-08 19:13:07,373 - TradingBot - INFO - Strategy: Running checks...
2025-09-08 19:13:07,373 - TradingBot - INFO - No open bot trades. Checking for new entry signal.
2025-09-08 19:13:07,373 - TradingBot - INFO - Entry Signal Check (EMA Crossover): HOLD | Current Trend Memory: BULLISH
2025-09-08 19:13:08,383 - TradingBot - INFO - Applying core strategy to 0 bot trade(s).
2025-09-08 19:13:08,383 - TradingBot - INFO - Strategy: Running checks...
2025-09-08 19:13:08,383 - TradingBot - INFO - No open bot trades. Checking for new entry signal.
2025-09-08 19:13:08,383 - TradingBot - INFO - Entry Signal Check (EMA Crossover): HOLD | Current Trend Memory: BULLISH
2025-09-08 19:13:09,395 - TradingBot - INFO - Applying core strategy to 0 bot trade(s).
2025-09-08 19:13:09,395 - TradingBot - INFO - Strategy: Running checks...
2025-09-08 19:13:09,395 - TradingBot - INFO - No open bot trades. Checking for new entry signal.
2025-09-08 19:13:09,395 - TradingBot - INFO - Entry Signal Check (EMA Crossover): HOLD | Current Trend Memory: BULLISH
2025-09-08 19:13:10,406 - TradingBot - INFO - Applying core strategy to 0 bot trade(s).
2025-09-08 19:13:10,406 - TradingBot - INFO - Strategy: Running checks...
2025-09-08 19:13:10,406 - TradingBot - INFO - No open bot trades. Checking for new entry signal.
2025-09-08 19:13:10,406 - TradingBot - INFO - Entry Signal Check (EMA Crossover): HOLD | Current Trend Memory: BULLISH
2025-09-08 19:13:11,418 - TradingBot - INFO - Applying core strategy to 0 bot trade(s).
2025-09-08 19:13:11,418 - TradingBot - INFO - Strategy: Running checks...
2025-09-08 19:13:11,418 - TradingBot - INFO - No open bot trades. Checking for new entry signal.
2025-09-08 19:13:11,418 - TradingBot - INFO - Entry Signal Check (EMA Crossover): HOLD | Current Trend Memory: BULLISH
2025-09-08 19:13:12,427 - TradingBot - INFO - Applying core strategy to 0 bot trade(s).
2025-09-08 19:13:12,427 - TradingBot - INFO - Strategy: Running checks...
2025-09-08 19:13:12,427 - TradingBot - INFO - No open bot trades. Checking for new entry signal.
2025-09-08 19:13:12,427 - TradingBot - INFO - Entry Signal Check (EMA Crossover): HOLD | Current Trend Memory: BULLISH
2025-09-08 19:13:13,440 - TradingBot - INFO - Applying core strategy to 0 bot trade(s).
2025-09-08 19:13:13,440 - TradingBot - INFO - Strategy: Running checks...
2025-09-08 19:13:13,440 - TradingBot - INFO - No open bot trades. Checking for new entry signal.
2025-09-08 19:13:13,440 - TradingBot - INFO - Entry Signal Check (EMA Crossover): HOLD | Current Trend Memory: BULLISH
2025-09-08 19:13:14,454 - TradingBot - INFO - Applying core strategy to 0 bot trade(s).
2025-09-08 19:13:14,454 - TradingBot - INFO - Strategy: Running checks...
2025-09-08 19:13:14,454 - TradingBot - INFO - No open bot trades. Checking for new entry signal.
2025-09-08 19:13:14,454 - TradingBot - INFO - Entry Signal Check (EMA Crossover): HOLD | Current Trend Memory: BULLISH
2025-09-08 19:13:15,465 - TradingBot - INFO - Applying core strategy to 0 bot trade(s).
2025-09-08 19:13:15,465 - TradingBot - INFO - Strategy: Running checks...
2025-09-08 19:13:15,465 - TradingBot - INFO - No open bot trades. Checking for new entry signal.
2025-09-08 19:13:15,465 - TradingBot - INFO - Entry Signal Check (EMA Crossover): HOLD | Current Trend Memory: BULLISH
2025-09-08 19:13:16,475 - TradingBot - INFO - Applying core strategy to 0 bot trade(s).
2025-09-08 19:13:16,475 - TradingBot - INFO - Strategy: Running checks...
2025-09-08 19:13:16,475 - TradingBot - INFO - No open bot trades. Checking for new entry signal.
2025-09-08 19:13:16,475 - TradingBot - INFO - Entry Signal Check (EMA Crossover): HOLD | Current Trend Memory: BULLISH
2025-09-08 19:13:17,487 - TradingBot - INFO - Applying core strategy to 0 bot trade(s).
2025-09-08 19:13:17,487 - TradingBot - INFO - Strategy: Running checks...
2025-09-08 19:13:17,487 - TradingBot - INFO - No open bot trades. Checking for new entry signal.
2025-09-08 19:13:17,487 - TradingBot - INFO - Entry Signal Check (EMA Crossover): HOLD | Current Trend Memory: BULLISH
2025-09-08 19:13:18,500 - TradingBot - INFO - Applying core strategy to 0 bot trade(s).
2025-09-08 19:13:18,500 - TradingBot - INFO - Strategy: Running checks...
2025-09-08 19:13:18,500 - TradingBot - INFO - No open bot trades. Checking for new entry signal.
2025-09-08 19:13:18,500 - TradingBot - INFO - Entry Signal Check (EMA Crossover): HOLD | Current Trend Memory: BULLISH
2025-09-08 19:13:19,514 - TradingBot - INFO - Applying core strategy to 0 bot trade(s).
2025-09-08 19:13:19,514 - TradingBot - INFO - Strategy: Running checks...
2025-09-08 19:13:19,514 - TradingBot - INFO - No open bot trades. Checking for new entry signal.
2025-09-08 19:13:19,514 - TradingBot - INFO - Entry Signal Check (EMA Crossover): HOLD | Current Trend Memory: BULLISH
2025-09-08 19:13:20,528 - TradingBot - INFO - Applying core strategy to 0 bot trade(s).
2025-09-08 19:13:20,528 - TradingBot - INFO - Strategy: Running checks...
2025-09-08 19:13:20,528 - TradingBot - INFO - No open bot trades. Checking for new entry signal.
2025-09-08 19:13:20,528 - TradingBot - INFO - Entry Signal Check (EMA Crossover): HOLD | Current Trend Memory: BULLISH
2025-09-08 19:13:21,539 - TradingBot - INFO - Applying core strategy to 0 bot trade(s).
2025-09-08 19:13:21,539 - TradingBot - INFO - Strategy: Running checks...
2025-09-08 19:13:21,539 - TradingBot - INFO - No open bot trades. Checking for new entry signal.
2025-09-08 19:13:21,539 - TradingBot - INFO - Entry Signal Check (EMA Crossover): HOLD | Current Trend Memory: BULLISH
2025-09-08 19:13:22,553 - TradingBot - INFO - Applying core strategy to 0 bot trade(s).
2025-09-08 19:13:22,553 - TradingBot - INFO - Strategy: Running checks...
2025-09-08 19:13:22,553 - TradingBot - INFO - No open bot trades. Checking for new entry signal.
2025-09-08 19:13:22,553 - TradingBot - INFO - Entry Signal Check (EMA Crossover): HOLD | Current Trend Memory: BULLISH
2025-09-08 19:13:23,564 - TradingBot - INFO - Applying core strategy to 0 bot trade(s).
2025-09-08 19:13:23,564 - TradingBot - INFO - Strategy: Running checks...
2025-09-08 19:13:23,564 - TradingBot - INFO - No open bot trades. Checking for new entry signal.
2025-09-08 19:13:23,564 - TradingBot - INFO - Entry Signal Check (EMA Crossover): HOLD | Current Trend Memory: BULLISH
2025-09-08 19:13:24,577 - TradingBot - INFO - Applying core strategy to 0 bot trade(s).
2025-09-08 19:13:24,577 - TradingBot - INFO - Strategy: Running checks...
2025-09-08 19:13:24,577 - TradingBot - INFO - No open bot trades. Checking for new entry signal.
2025-09-08 19:13:24,577 - TradingBot - INFO - Entry Signal Check (EMA Crossover): HOLD | Current Trend Memory: BULLISH
2025-09-08 19:13:25,587 - TradingBot - INFO - Applying core strategy to 0 bot trade(s).
2025-09-08 19:13:25,587 - TradingBot - INFO - Strategy: Running checks...
2025-09-08 19:13:25,587 - TradingBot - INFO - No open bot trades. Checking for new entry signal.
2025-09-08 19:13:25,587 - TradingBot - INFO - Entry Signal Check (EMA Crossover): HOLD | Current Trend Memory: BULLISH
2025-09-08 19:13:26,602 - TradingBot - INFO - Applying core strategy to 0 bot trade(s).
2025-09-08 19:13:26,602 - TradingBot - INFO - Strategy: Running checks...
2025-09-08 19:13:26,602 - TradingBot - INFO - No open bot trades. Checking for new entry signal.
2025-09-08 19:13:26,602 - TradingBot - INFO - Entry Signal Check (EMA Crossover): HOLD | Current Trend Memory: BULLISH
2025-09-08 19:13:27,614 - TradingBot - INFO - Applying core strategy to 0 bot trade(s).
2025-09-08 19:13:27,614 - TradingBot - INFO - Strategy: Running checks...
2025-09-08 19:13:27,614 - TradingBot - INFO - No open bot trades. Checking for new entry signal.
2025-09-08 19:13:27,614 - TradingBot - INFO - Entry Signal Check (EMA Crossover): HOLD | Current Trend Memory: BULLISH
2025-09-08 19:13:28,626 - TradingBot - INFO - Applying core strategy to 0 bot trade(s).
2025-09-08 19:13:28,626 - TradingBot - INFO - Strategy: Running checks...
2025-09-08 19:13:28,626 - TradingBot - INFO - No open bot trades. Checking for new entry signal.
2025-09-08 19:13:28,626 - TradingBot - INFO - Entry Signal Check (EMA Crossover): HOLD | Current Trend Memory: BULLISH
2025-09-08 19:13:29,637 - TradingBot - INFO - Applying core strategy to 0 bot trade(s).
2025-09-08 19:13:29,637 - TradingBot - INFO - Strategy: Running checks...
2025-09-08 19:13:29,637 - TradingBot - INFO - No open bot trades. Checking for new entry signal.
2025-09-08 19:13:29,637 - TradingBot - INFO - Entry Signal Check (EMA Crossover): HOLD | Current Trend Memory: BULLISH
2025-09-08 19:13:30,647 - TradingBot - INFO - Applying core strategy to 0 bot trade(s).
2025-09-08 19:13:30,647 - TradingBot - INFO - Strategy: Running checks...
2025-09-08 19:13:30,647 - TradingBot - INFO - No open bot trades. Checking for new entry signal.
2025-09-08 19:13:30,647 - TradingBot - INFO - Entry Signal Check (EMA Crossover): HOLD | Current Trend Memory: BULLISH
2025-09-08 19:13:31,661 - TradingBot - INFO - Applying core strategy to 0 bot trade(s).
2025-09-08 19:13:31,661 - TradingBot - INFO - Strategy: Running checks...
2025-09-08 19:13:31,661 - TradingBot - INFO - No open bot trades. Checking for new entry signal.
2025-09-08 19:13:31,661 - TradingBot - INFO - Entry Signal Check (EMA Crossover): HOLD | Current Trend Memory: BULLISH
2025-09-08 19:13:32,674 - TradingBot - INFO - Applying core strategy to 0 bot trade(s).
2025-09-08 19:13:32,674 - TradingBot - INFO - Strategy: Running checks...
2025-09-08 19:13:32,674 - TradingBot - INFO - No open bot trades. Checking for new entry signal.
2025-09-08 19:13:32,674 - TradingBot - INFO - Entry Signal Check (EMA Crossover): HOLD | Current Trend Memory: BULLISH
2025-09-08 19:13:33,687 - TradingBot - INFO - Applying core strategy to 0 bot trade(s).
2025-09-08 19:13:33,687 - TradingBot - INFO - Strategy: Running checks...
2025-09-08 19:13:33,687 - TradingBot - INFO - No open bot trades. Checking for new entry signal.
2025-09-08 19:13:33,687 - TradingBot - INFO - Entry Signal Check (EMA Crossover): HOLD | Current Trend Memory: BULLISH
2025-09-08 19:13:34,697 - TradingBot - INFO - Applying core strategy to 0 bot trade(s).
2025-09-08 19:13:34,697 - TradingBot - INFO - Strategy: Running checks...
2025-09-08 19:13:34,697 - TradingBot - INFO - No open bot trades. Checking for new entry signal.
2025-09-08 19:13:34,697 - TradingBot - INFO - Entry Signal Check (EMA Crossover): HOLD | Current Trend Memory: BULLISH
2025-09-08 19:13:35,709 - TradingBot - INFO - Applying core strategy to 0 bot trade(s).
2025-09-08 19:13:35,709 - TradingBot - INFO - Strategy: Running checks...
2025-09-08 19:13:35,709 - TradingBot - INFO - No open bot trades. Checking for new entry signal.
2025-09-08 19:13:35,709 - TradingBot - INFO - Entry Signal Check (EMA Crossover): HOLD | Current Trend Memory: BULLISH
2025-09-08 19:13:36,721 - TradingBot - INFO - Applying core strategy to 0 bot trade(s).
2025-09-08 19:13:36,721 - TradingBot - INFO - Strategy: Running checks...
2025-09-08 19:13:36,721 - TradingBot - INFO - No open bot trades. Checking for new entry signal.
2025-09-08 19:13:36,721 - TradingBot - INFO - Entry Signal Check (EMA Crossover): HOLD | Current Trend Memory: BULLISH
2025-09-08 19:13:37,732 - TradingBot - INFO - Applying core strategy to 0 bot trade(s).
2025-09-08 19:13:37,732 - TradingBot - INFO - Strategy: Running checks...
2025-09-08 19:13:37,732 - TradingBot - INFO - No open bot trades. Checking for new entry signal.
2025-09-08 19:13:37,732 - TradingBot - INFO - Entry Signal Check (EMA Crossover): HOLD | Current Trend Memory: BULLISH
2025-09-08 19:13:38,746 - TradingBot - INFO - Applying core strategy to 0 bot trade(s).
2025-09-08 19:13:38,746 - TradingBot - INFO - Strategy: Running checks...
2025-09-08 19:13:38,746 - TradingBot - INFO - No open bot trades. Checking for new entry signal.
2025-09-08 19:13:38,746 - TradingBot - INFO - Entry Signal Check (EMA Crossover): HOLD | Current Trend Memory: BULLISH
2025-09-08 19:13:39,757 - TradingBot - INFO - Applying core strategy to 0 bot trade(s).
2025-09-08 19:13:39,757 - TradingBot - INFO - Strategy: Running checks...
2025-09-08 19:13:39,757 - TradingBot - INFO - No open bot trades. Checking for new entry signal.
2025-09-08 19:13:39,757 - TradingBot - INFO - Entry Signal Check (EMA Crossover): HOLD | Current Trend Memory: BULLISH
2025-09-08 19:13:40,767 - TradingBot - INFO - Applying core strategy to 0 bot trade(s).
2025-09-08 19:13:40,767 - TradingBot - INFO - Strategy: Running checks...
2025-09-08 19:13:40,767 - TradingBot - INFO - No open bot trades. Checking for new entry signal.
2025-09-08 19:13:40,767 - TradingBot - INFO - Entry Signal Check (EMA Crossover): HOLD | Current Trend Memory: BULLISH
2025-09-08 19:13:41,783 - TradingBot - INFO - Applying core strategy to 0 bot trade(s).
2025-09-08 19:13:41,783 - TradingBot - INFO - Strategy: Running checks...
2025-09-08 19:13:41,783 - TradingBot - INFO - No open bot trades. Checking for new entry signal.
2025-09-08 19:13:41,783 - TradingBot - INFO - Entry Signal Check (EMA Crossover): HOLD | Current Trend Memory: BULLISH
2025-09-08 19:13:42,795 - TradingBot - INFO - Applying core strategy to 0 bot trade(s).
2025-09-08 19:13:42,795 - TradingBot - INFO - Strategy: Running checks...
2025-09-08 19:13:42,795 - TradingBot - INFO - No open bot trades. Checking for new entry signal.
2025-09-08 19:13:42,795 - TradingBot - INFO - Entry Signal Check (EMA Crossover): HOLD | Current Trend Memory: BULLISH
2025-09-08 19:13:43,809 - TradingBot - INFO - Applying core strategy to 0 bot trade(s).
2025-09-08 19:13:43,809 - TradingBot - INFO - Strategy: Running checks...
2025-09-08 19:13:43,809 - TradingBot - INFO - No open bot trades. Checking for new entry signal.
2025-09-08 19:13:43,809 - TradingBot - INFO - Entry Signal Check (EMA Crossover): HOLD | Current Trend Memory: BULLISH
2025-09-08 19:13:44,820 - TradingBot - INFO - Applying core strategy to 0 bot trade(s).
2025-09-08 19:13:44,820 - TradingBot - INFO - Strategy: Running checks...
2025-09-08 19:13:44,820 - TradingBot - INFO - No open bot trades. Checking for new entry signal.
2025-09-08 19:13:44,820 - TradingBot - INFO - Entry Signal Check (EMA Crossover): HOLD | Current Trend Memory: BULLISH
2025-09-08 19:13:45,830 - TradingBot - INFO - Applying core strategy to 0 bot trade(s).
2025-09-08 19:13:45,830 - TradingBot - INFO - Strategy: Running checks...
2025-09-08 19:13:45,830 - TradingBot - INFO - No open bot trades. Checking for new entry signal.
2025-09-08 19:13:45,846 - TradingBot - INFO - Entry Signal Check (EMA Crossover): HOLD | Current Trend Memory: BULLISH
2025-09-08 19:13:46,847 - TradingBot - INFO - Applying core strategy to 0 bot trade(s).
2025-09-08 19:13:46,847 - TradingBot - INFO - Strategy: Running checks...
2025-09-08 19:13:46,847 - TradingBot - INFO - No open bot trades. Checking for new entry signal.
2025-09-08 19:13:46,847 - TradingBot - INFO - Entry Signal Check (EMA Crossover): HOLD | Current Trend Memory: BULLISH
2025-09-08 19:13:47,860 - TradingBot - INFO - Applying core strategy to 0 bot trade(s).
2025-09-08 19:13:47,860 - TradingBot - INFO - Strategy: Running checks...
2025-09-08 19:13:47,860 - TradingBot - INFO - No open bot trades. Checking for new entry signal.
2025-09-08 19:13:47,860 - TradingBot - INFO - Entry Signal Check (EMA Crossover): HOLD | Current Trend Memory: BULLISH
2025-09-08 19:13:48,870 - TradingBot - INFO - Applying core strategy to 0 bot trade(s).
2025-09-08 19:13:48,870 - TradingBot - INFO - Strategy: Running checks...
2025-09-08 19:13:48,870 - TradingBot - INFO - No open bot trades. Checking for new entry signal.
2025-09-08 19:13:48,870 - TradingBot - INFO - Entry Signal Check (EMA Crossover): HOLD | Current Trend Memory: BULLISH
2025-09-08 19:13:49,881 - TradingBot - INFO - Applying core strategy to 0 bot trade(s).
2025-09-08 19:13:49,881 - TradingBot - INFO - Strategy: Running checks...
2025-09-08 19:13:49,881 - TradingBot - INFO - No open bot trades. Checking for new entry signal.
2025-09-08 19:13:49,881 - TradingBot - INFO - Entry Signal Check (EMA Crossover): HOLD | Current Trend Memory: BULLISH
2025-09-08 19:13:50,896 - TradingBot - INFO - Applying core strategy to 0 bot trade(s).
2025-09-08 19:13:50,896 - TradingBot - INFO - Strategy: Running checks...
2025-09-08 19:13:50,896 - TradingBot - INFO - No open bot trades. Checking for new entry signal.
2025-09-08 19:13:50,896 - TradingBot - INFO - Entry Signal Check (EMA Crossover): HOLD | Current Trend Memory: BULLISH
2025-09-08 19:13:51,907 - TradingBot - INFO - Applying core strategy to 0 bot trade(s).
2025-09-08 19:13:51,907 - TradingBot - INFO - Strategy: Running checks...
2025-09-08 19:13:51,907 - TradingBot - INFO - No open bot trades. Checking for new entry signal.
2025-09-08 19:13:51,907 - TradingBot - INFO - Entry Signal Check (EMA Crossover): HOLD | Current Trend Memory: BULLISH
2025-09-08 19:13:52,920 - TradingBot - INFO - Applying core strategy to 0 bot trade(s).
2025-09-08 19:13:52,920 - TradingBot - INFO - Strategy: Running checks...
2025-09-08 19:13:52,920 - TradingBot - INFO - No open bot trades. Checking for new entry signal.
2025-09-08 19:13:52,920 - TradingBot - INFO - Entry Signal Check (EMA Crossover): HOLD | Current Trend Memory: BULLISH
2025-09-08 19:13:53,931 - TradingBot - INFO - Applying core strategy to 0 bot trade(s).
2025-09-08 19:13:53,931 - TradingBot - INFO - Strategy: Running checks...
2025-09-08 19:13:53,931 - TradingBot - INFO - No open bot trades. Checking for new entry signal.
2025-09-08 19:13:53,931 - TradingBot - INFO - Entry Signal Check (EMA Crossover): HOLD | Current Trend Memory: BULLISH
2025-09-08 19:13:54,944 - TradingBot - INFO - Applying core strategy to 0 bot trade(s).
2025-09-08 19:13:54,944 - TradingBot - INFO - Strategy: Running checks...
2025-09-08 19:13:54,944 - TradingBot - INFO - No open bot trades. Checking for new entry signal.
2025-09-08 19:13:54,944 - TradingBot - INFO - Entry Signal Check (EMA Crossover): HOLD | Current Trend Memory: BULLISH
2025-09-08 19:13:55,956 - TradingBot - INFO - Applying core strategy to 0 bot trade(s).
2025-09-08 19:13:55,956 - TradingBot - INFO - Strategy: Running checks...
2025-09-08 19:13:55,956 - TradingBot - INFO - No open bot trades. Checking for new entry signal.
2025-09-08 19:13:55,956 - TradingBot - INFO - Entry Signal Check (EMA Crossover): HOLD | Current Trend Memory: BULLISH
2025-09-08 19:13:56,967 - TradingBot - INFO - Applying core strategy to 0 bot trade(s).
2025-09-08 19:13:56,967 - TradingBot - INFO - Strategy: Running checks...
2025-09-08 19:13:56,967 - TradingBot - INFO - No open bot trades. Checking for new entry signal.
2025-09-08 19:13:56,967 - TradingBot - INFO - Entry Signal Check (EMA Crossover): HOLD | Current Trend Memory: BULLISH
2025-09-08 19:13:57,981 - TradingBot - INFO - Applying core strategy to 0 bot trade(s).
2025-09-08 19:13:57,981 - TradingBot - INFO - Strategy: Running checks...
2025-09-08 19:13:57,981 - TradingBot - INFO - No open bot trades. Checking for new entry signal.
2025-09-08 19:13:57,981 - TradingBot - INFO - Entry Signal Check (EMA Crossover): HOLD | Current Trend Memory: BULLISH
2025-09-08 19:13:58,992 - TradingBot - INFO - Applying core strategy to 0 bot trade(s).
2025-09-08 19:13:58,992 - TradingBot - INFO - Strategy: Running checks...
2025-09-08 19:13:58,992 - TradingBot - INFO - No open bot trades. Checking for new entry signal.
2025-09-08 19:13:58,992 - TradingBot - INFO - Entry Signal Check (EMA Crossover): HOLD | Current Trend Memory: BULLISH
2025-09-08 19:14:00,002 - TradingBot - INFO - Applying core strategy to 0 bot trade(s).
2025-09-08 19:14:00,002 - TradingBot - INFO - Strategy: Running checks...
2025-09-08 19:14:00,002 - TradingBot - INFO - No open bot trades. Checking for new entry signal.
2025-09-08 19:14:00,002 - TradingBot - INFO - Entry Signal Check (EMA Crossover): HOLD | Current Trend Memory: BULLISH
2025-09-08 19:14:01,015 - TradingBot - INFO - Applying core strategy to 0 bot trade(s).
2025-09-08 19:14:01,015 - TradingBot - INFO - Strategy: Running checks...
2025-09-08 19:14:01,015 - TradingBot - INFO - No open bot trades. Checking for new entry signal.
2025-09-08 19:14:01,015 - TradingBot - INFO - Entry Signal Check (EMA Crossover): HOLD | Current Trend Memory: BULLISH
2025-09-08 19:14:02,028 - TradingBot - INFO - Applying core strategy to 0 bot trade(s).
2025-09-08 19:14:02,028 - TradingBot - INFO - Strategy: Running checks...
2025-09-08 19:14:02,028 - TradingBot - INFO - No open bot trades. Checking for new entry signal.
2025-09-08 19:14:02,028 - TradingBot - INFO - Entry Signal Check (EMA Crossover): HOLD | Current Trend Memory: BULLISH
2025-09-08 19:14:03,041 - TradingBot - INFO - Applying core strategy to 0 bot trade(s).
2025-09-08 19:14:03,041 - TradingBot - INFO - Strategy: Running checks...
2025-09-08 19:14:03,041 - TradingBot - INFO - No open bot trades. Checking for new entry signal.
2025-09-08 19:14:03,041 - TradingBot - INFO - Entry Signal Check (EMA Crossover): HOLD | Current Trend Memory: BULLISH
2025-09-08 19:14:04,056 - TradingBot - INFO - Applying core strategy to 0 bot trade(s).
2025-09-08 19:14:04,056 - TradingBot - INFO - Strategy: Running checks...
2025-09-08 19:14:04,056 - TradingBot - INFO - No open bot trades. Checking for new entry signal.
2025-09-08 19:14:04,056 - TradingBot - INFO - Entry Signal Check (EMA Crossover): HOLD | Current Trend Memory: BULLISH
2025-09-08 19:14:05,069 - TradingBot - INFO - Applying core strategy to 0 bot trade(s).
2025-09-08 19:14:05,069 - TradingBot - INFO - Strategy: Running checks...
2025-09-08 19:14:05,069 - TradingBot - INFO - No open bot trades. Checking for new entry signal.
2025-09-08 19:14:05,069 - TradingBot - INFO - Entry Signal Check (EMA Crossover): HOLD | Current Trend Memory: BULLISH
2025-09-08 19:14:06,081 - TradingBot - INFO - Applying core strategy to 0 bot trade(s).
2025-09-08 19:14:06,081 - TradingBot - INFO - Strategy: Running checks...
2025-09-08 19:14:06,081 - TradingBot - INFO - No open bot trades. Checking for new entry signal.
2025-09-08 19:14:06,081 - TradingBot - INFO - Entry Signal Check (EMA Crossover): HOLD | Current Trend Memory: BULLISH
2025-09-08 19:14:07,093 - TradingBot - INFO - Applying core strategy to 0 bot trade(s).
2025-09-08 19:14:07,093 - TradingBot - INFO - Strategy: Running checks...
2025-09-08 19:14:07,093 - TradingBot - INFO - No open bot trades. Checking for new entry signal.
2025-09-08 19:14:07,093 - TradingBot - INFO - Entry Signal Check (EMA Crossover): HOLD | Current Trend Memory: BULLISH
2025-09-08 19:14:08,104 - TradingBot - INFO - Applying core strategy to 0 bot trade(s).
2025-09-08 19:14:08,104 - TradingBot - INFO - Strategy: Running checks...
2025-09-08 19:14:08,104 - TradingBot - INFO - No open bot trades. Checking for new entry signal.
2025-09-08 19:14:08,104 - TradingBot - INFO - Entry Signal Check (EMA Crossover): HOLD | Current Trend Memory: BULLISH
2025-09-08 19:14:09,114 - TradingBot - INFO - Applying core strategy to 0 bot trade(s).
2025-09-08 19:14:09,114 - TradingBot - INFO - Strategy: Running checks...
2025-09-08 19:14:09,114 - TradingBot - INFO - No open bot trades. Checking for new entry signal.
2025-09-08 19:14:09,114 - TradingBot - INFO - Entry Signal Check (EMA Crossover): HOLD | Current Trend Memory: BULLISH
2025-09-08 19:14:10,129 - TradingBot - INFO - Applying core strategy to 0 bot trade(s).
2025-09-08 19:14:10,129 - TradingBot - INFO - Strategy: Running checks...
2025-09-08 19:14:10,129 - TradingBot - INFO - No open bot trades. Checking for new entry signal.
2025-09-08 19:14:10,129 - TradingBot - INFO - Entry Signal Check (EMA Crossover): HOLD | Current Trend Memory: BULLISH
2025-09-08 19:14:11,142 - TradingBot - INFO - Applying core strategy to 0 bot trade(s).
2025-09-08 19:14:11,142 - TradingBot - INFO - Strategy: Running checks...
2025-09-08 19:14:11,142 - TradingBot - INFO - No open bot trades. Checking for new entry signal.
2025-09-08 19:14:11,142 - TradingBot - INFO - Entry Signal Check (EMA Crossover): HOLD | Current Trend Memory: BULLISH
2025-09-08 19:14:12,152 - TradingBot - INFO - Applying core strategy to 0 bot trade(s).
2025-09-08 19:14:12,152 - TradingBot - INFO - Strategy: Running checks...
2025-09-08 19:14:12,152 - TradingBot - INFO - No open bot trades. Checking for new entry signal.
2025-09-08 19:14:12,152 - TradingBot - INFO - Entry Signal Check (EMA Crossover): HOLD | Current Trend Memory: BULLISH
2025-09-08 19:14:13,163 - TradingBot - INFO - Applying core strategy to 0 bot trade(s).
2025-09-08 19:14:13,163 - TradingBot - INFO - Strategy: Running checks...
2025-09-08 19:14:13,163 - TradingBot - INFO - No open bot trades. Checking for new entry signal.
2025-09-08 19:14:13,163 - TradingBot - INFO - Entry Signal Check (EMA Crossover): HOLD | Current Trend Memory: BULLISH
2025-09-08 19:14:14,175 - TradingBot - INFO - Applying core strategy to 0 bot trade(s).
2025-09-08 19:14:14,175 - TradingBot - INFO - Strategy: Running checks...
2025-09-08 19:14:14,175 - TradingBot - INFO - No open bot trades. Checking for new entry signal.
2025-09-08 19:14:14,175 - TradingBot - INFO - Entry Signal Check (EMA Crossover): HOLD | Current Trend Memory: BULLISH
2025-09-08 19:14:15,187 - TradingBot - INFO - Applying core strategy to 0 bot trade(s).
2025-09-08 19:14:15,187 - TradingBot - INFO - Strategy: Running checks...
2025-09-08 19:14:15,187 - TradingBot - INFO - No open bot trades. Checking for new entry signal.
2025-09-08 19:14:15,187 - TradingBot - INFO - Entry Signal Check (EMA Crossover): HOLD | Current Trend Memory: BULLISH
2025-09-08 19:14:16,197 - TradingBot - INFO - Applying core strategy to 0 bot trade(s).
2025-09-08 19:14:16,197 - TradingBot - INFO - Strategy: Running checks...
2025-09-08 19:14:16,197 - TradingBot - INFO - No open bot trades. Checking for new entry signal.
2025-09-08 19:14:16,197 - TradingBot - INFO - Entry Signal Check (EMA Crossover): HOLD | Current Trend Memory: BULLISH
2025-09-08 19:14:17,207 - TradingBot - INFO - Applying core strategy to 0 bot trade(s).
2025-09-08 19:14:17,207 - TradingBot - INFO - Strategy: Running checks...
2025-09-08 19:14:17,207 - TradingBot - INFO - No open bot trades. Checking for new entry signal.
2025-09-08 19:14:17,207 - TradingBot - INFO - Entry Signal Check (EMA Crossover): HOLD | Current Trend Memory: BULLISH
2025-09-08 19:14:18,218 - TradingBot - INFO - Applying core strategy to 0 bot trade(s).
2025-09-08 19:14:18,218 - TradingBot - INFO - Strategy: Running checks...
2025-09-08 19:14:18,218 - TradingBot - INFO - No open bot trades. Checking for new entry signal.
2025-09-08 19:14:18,218 - TradingBot - INFO - Entry Signal Check (EMA Crossover): HOLD | Current Trend Memory: BULLISH
2025-09-08 19:14:19,231 - TradingBot - INFO - Applying core strategy to 0 bot trade(s).
2025-09-08 19:14:19,231 - TradingBot - INFO - Strategy: Running checks...
2025-09-08 19:14:19,231 - TradingBot - INFO - No open bot trades. Checking for new entry signal.
2025-09-08 19:14:19,231 - TradingBot - INFO - Entry Signal Check (EMA Crossover): HOLD | Current Trend Memory: BULLISH
2025-09-08 19:14:20,242 - TradingBot - INFO - Applying core strategy to 0 bot trade(s).
2025-09-08 19:14:20,242 - TradingBot - INFO - Strategy: Running checks...
2025-09-08 19:14:20,242 - TradingBot - INFO - No open bot trades. Checking for new entry signal.
2025-09-08 19:14:20,242 - TradingBot - INFO - Entry Signal Check (EMA Crossover): HOLD | Current Trend Memory: BULLISH
2025-09-08 19:14:21,255 - TradingBot - INFO - Applying core strategy to 0 bot trade(s).
2025-09-08 19:14:21,255 - TradingBot - INFO - Strategy: Running checks...
2025-09-08 19:14:21,255 - TradingBot - INFO - No open bot trades. Checking for new entry signal.
2025-09-08 19:14:21,255 - TradingBot - INFO - Entry Signal Check (EMA Crossover): HOLD | Current Trend Memory: BULLISH
2025-09-08 19:14:22,267 - TradingBot - INFO - Applying core strategy to 0 bot trade(s).
2025-09-08 19:14:22,267 - TradingBot - INFO - Strategy: Running checks...
2025-09-08 19:14:22,267 - TradingBot - INFO - No open bot trades. Checking for new entry signal.
2025-09-08 19:14:22,267 - TradingBot - INFO - Entry Signal Check (EMA Crossover): HOLD | Current Trend Memory: BULLISH
2025-09-08 19:14:23,279 - TradingBot - INFO - Applying core strategy to 0 bot trade(s).
2025-09-08 19:14:23,279 - TradingBot - INFO - Strategy: Running checks...
2025-09-08 19:14:23,279 - TradingBot - INFO - No open bot trades. Checking for new entry signal.
2025-09-08 19:14:23,279 - TradingBot - INFO - Entry Signal Check (EMA Crossover): HOLD | Current Trend Memory: BULLISH
2025-09-08 19:14:24,290 - TradingBot - INFO - Applying core strategy to 0 bot trade(s).
2025-09-08 19:14:24,290 - TradingBot - INFO - Strategy: Running checks...
2025-09-08 19:14:24,290 - TradingBot - INFO - No open bot trades. Checking for new entry signal.
2025-09-08 19:14:24,306 - TradingBot - INFO - Entry Signal Check (EMA Crossover): HOLD | Current Trend Memory: BULLISH
2025-09-08 19:14:25,309 - TradingBot - INFO - Applying core strategy to 0 bot trade(s).
2025-09-08 19:14:25,309 - TradingBot - INFO - Strategy: Running checks...
2025-09-08 19:14:25,309 - TradingBot - INFO - No open bot trades. Checking for new entry signal.
2025-09-08 19:14:25,309 - TradingBot - INFO - Entry Signal Check (EMA Crossover): HOLD | Current Trend Memory: BULLISH
2025-09-08 19:14:26,321 - TradingBot - INFO - Applying core strategy to 0 bot trade(s).
2025-09-08 19:14:26,321 - TradingBot - INFO - Strategy: Running checks...
2025-09-08 19:14:26,321 - TradingBot - INFO - No open bot trades. Checking for new entry signal.
2025-09-08 19:14:26,321 - TradingBot - INFO - Entry Signal Check (EMA Crossover): HOLD | Current Trend Memory: BULLISH
2025-09-08 19:14:27,331 - TradingBot - INFO - Applying core strategy to 0 bot trade(s).
2025-09-08 19:14:27,331 - TradingBot - INFO - Strategy: Running checks...
2025-09-08 19:14:27,331 - TradingBot - INFO - No open bot trades. Checking for new entry signal.
2025-09-08 19:14:27,331 - TradingBot - INFO - Entry Signal Check (EMA Crossover): HOLD | Current Trend Memory: BULLISH
2025-09-08 19:14:28,346 - TradingBot - INFO - Applying core strategy to 0 bot trade(s).
2025-09-08 19:14:28,346 - TradingBot - INFO - Strategy: Running checks...
2025-09-08 19:14:28,346 - TradingBot - INFO - No open bot trades. Checking for new entry signal.
2025-09-08 19:14:28,346 - TradingBot - INFO - Entry Signal Check (EMA Crossover): HOLD | Current Trend Memory: BULLISH
2025-09-08 19:14:29,358 - TradingBot - INFO - Applying core strategy to 0 bot trade(s).
2025-09-08 19:14:29,358 - TradingBot - INFO - Strategy: Running checks...
2025-09-08 19:14:29,358 - TradingBot - INFO - No open bot trades. Checking for new entry signal.
2025-09-08 19:14:29,358 - TradingBot - INFO - Entry Signal Check (EMA Crossover): HOLD | Current Trend Memory: BULLISH
2025-09-08 19:14:30,370 - TradingBot - INFO - Applying core strategy to 0 bot trade(s).
2025-09-08 19:14:30,370 - TradingBot - INFO - Strategy: Running checks...
2025-09-08 19:14:30,370 - TradingBot - INFO - No open bot trades. Checking for new entry signal.
2025-09-08 19:14:30,370 - TradingBot - INFO - Entry Signal Check (EMA Crossover): HOLD | Current Trend Memory: BULLISH
2025-09-08 19:14:31,381 - TradingBot - INFO - Applying core strategy to 0 bot trade(s).
2025-09-08 19:14:31,381 - TradingBot - INFO - Strategy: Running checks...
2025-09-08 19:14:31,381 - TradingBot - INFO - No open bot trades. Checking for new entry signal.
2025-09-08 19:14:31,381 - TradingBot - INFO - Entry Signal Check (EMA Crossover): HOLD | Current Trend Memory: BULLISH
2025-09-08 19:14:32,392 - TradingBot - INFO - Applying core strategy to 0 bot trade(s).
2025-09-08 19:14:32,392 - TradingBot - INFO - Strategy: Running checks...
2025-09-08 19:14:32,392 - TradingBot - INFO - No open bot trades. Checking for new entry signal.
2025-09-08 19:14:32,392 - TradingBot - INFO - Entry Signal Check (EMA Crossover): HOLD | Current Trend Memory: BULLISH
2025-09-08 19:14:33,404 - TradingBot - INFO - Applying core strategy to 0 bot trade(s).
2025-09-08 19:14:33,404 - TradingBot - INFO - Strategy: Running checks...
2025-09-08 19:14:33,404 - TradingBot - INFO - No open bot trades. Checking for new entry signal.
2025-09-08 19:14:33,404 - TradingBot - INFO - Entry Signal Check (EMA Crossover): HOLD | Current Trend Memory: BULLISH
2025-09-08 19:14:34,415 - TradingBot - INFO - Applying core strategy to 0 bot trade(s).
2025-09-08 19:14:34,415 - TradingBot - INFO - Strategy: Running checks...
2025-09-08 19:14:34,415 - TradingBot - INFO - No open bot trades. Checking for new entry signal.
2025-09-08 19:14:34,415 - TradingBot - INFO - Entry Signal Check (EMA Crossover): HOLD | Current Trend Memory: BULLISH
2025-09-08 19:14:35,426 - TradingBot - INFO - Applying core strategy to 0 bot trade(s).
2025-09-08 19:14:35,426 - TradingBot - INFO - Strategy: Running checks...
2025-09-08 19:14:35,426 - TradingBot - INFO - No open bot trades. Checking for new entry signal.
2025-09-08 19:14:35,426 - TradingBot - INFO - Entry Signal Check (EMA Crossover): HOLD | Current Trend Memory: BULLISH
2025-09-08 19:14:36,437 - TradingBot - INFO - Applying core strategy to 0 bot trade(s).
2025-09-08 19:14:36,437 - TradingBot - INFO - Strategy: Running checks...
2025-09-08 19:14:36,437 - TradingBot - INFO - No open bot trades. Checking for new entry signal.
2025-09-08 19:14:36,437 - TradingBot - INFO - Entry Signal Check (EMA Crossover): HOLD | Current Trend Memory: BULLISH
2025-09-08 19:14:37,449 - TradingBot - INFO - Applying core strategy to 0 bot trade(s).
2025-09-08 19:14:37,449 - TradingBot - INFO - Strategy: Running checks...
2025-09-08 19:14:37,449 - TradingBot - INFO - No open bot trades. Checking for new entry signal.
2025-09-08 19:14:37,449 - TradingBot - INFO - Entry Signal Check (EMA Crossover): HOLD | Current Trend Memory: BULLISH
2025-09-08 19:14:38,464 - TradingBot - INFO - Applying core strategy to 0 bot trade(s).
2025-09-08 19:14:38,464 - TradingBot - INFO - Strategy: Running checks...
2025-09-08 19:14:38,464 - TradingBot - INFO - No open bot trades. Checking for new entry signal.
2025-09-08 19:14:38,464 - TradingBot - INFO - Entry Signal Check (EMA Crossover): HOLD | Current Trend Memory: BULLISH
2025-09-08 19:14:39,475 - TradingBot - INFO - Applying core strategy to 0 bot trade(s).
2025-09-08 19:14:39,475 - TradingBot - INFO - Strategy: Running checks...
2025-09-08 19:14:39,475 - TradingBot - INFO - No open bot trades. Checking for new entry signal.
2025-09-08 19:14:39,475 - TradingBot - INFO - Entry Signal Check (EMA Crossover): HOLD | Current Trend Memory: BULLISH
2025-09-08 19:14:40,488 - TradingBot - INFO - Applying core strategy to 0 bot trade(s).
2025-09-08 19:14:40,488 - TradingBot - INFO - Strategy: Running checks...
2025-09-08 19:14:40,488 - TradingBot - INFO - No open bot trades. Checking for new entry signal.
2025-09-08 19:14:40,488 - TradingBot - INFO - Entry Signal Check (EMA Crossover): HOLD | Current Trend Memory: BULLISH
2025-09-08 19:14:41,499 - TradingBot - INFO - Applying core strategy to 0 bot trade(s).
2025-09-08 19:14:41,499 - TradingBot - INFO - Strategy: Running checks...
2025-09-08 19:14:41,499 - TradingBot - INFO - No open bot trades. Checking for new entry signal.
2025-09-08 19:14:41,499 - TradingBot - INFO - Entry Signal Check (EMA Crossover): HOLD | Current Trend Memory: BULLISH
2025-09-08 19:14:42,510 - TradingBot - INFO - Applying core strategy to 0 bot trade(s).
2025-09-08 19:14:42,510 - TradingBot - INFO - Strategy: Running checks...
2025-09-08 19:14:42,510 - TradingBot - INFO - No open bot trades. Checking for new entry signal.
2025-09-08 19:14:42,510 - TradingBot - INFO - Entry Signal Check (EMA Crossover): HOLD | Current Trend Memory: BULLISH
2025-09-08 19:14:43,525 - TradingBot - INFO - Applying core strategy to 0 bot trade(s).
2025-09-08 19:14:43,525 - TradingBot - INFO - Strategy: Running checks...
2025-09-08 19:14:43,525 - TradingBot - INFO - No open bot trades. Checking for new entry signal.
2025-09-08 19:14:43,525 - TradingBot - INFO - Entry Signal Check (EMA Crossover): HOLD | Current Trend Memory: BULLISH
2025-09-08 19:14:44,536 - TradingBot - INFO - Applying core strategy to 0 bot trade(s).
2025-09-08 19:14:44,536 - TradingBot - INFO - Strategy: Running checks...
2025-09-08 19:14:44,536 - TradingBot - INFO - No open bot trades. Checking for new entry signal.
2025-09-08 19:14:44,536 - TradingBot - INFO - Entry Signal Check (EMA Crossover): HOLD | Current Trend Memory: BULLISH
2025-09-08 19:14:45,551 - TradingBot - INFO - Applying core strategy to 0 bot trade(s).
2025-09-08 19:14:45,551 - TradingBot - INFO - Strategy: Running checks...
2025-09-08 19:14:45,551 - TradingBot - INFO - No open bot trades. Checking for new entry signal.
2025-09-08 19:14:45,567 - TradingBot - INFO - Entry Signal Check (EMA Crossover): HOLD | Current Trend Memory: BULLISH
2025-09-08 19:14:46,569 - TradingBot - INFO - Applying core strategy to 0 bot trade(s).
2025-09-08 19:14:46,569 - TradingBot - INFO - Strategy: Running checks...
2025-09-08 19:14:46,569 - TradingBot - INFO - No open bot trades. Checking for new entry signal.
2025-09-08 19:14:46,569 - TradingBot - INFO - Entry Signal Check (EMA Crossover): HOLD | Current Trend Memory: BULLISH
2025-09-08 19:14:47,582 - TradingBot - INFO - Applying core strategy to 0 bot trade(s).
2025-09-08 19:14:47,582 - TradingBot - INFO - Strategy: Running checks...
2025-09-08 19:14:47,582 - TradingBot - INFO - No open bot trades. Checking for new entry signal.
2025-09-08 19:14:47,582 - TradingBot - INFO - Entry Signal Check (EMA Crossover): HOLD | Current Trend Memory: BULLISH
2025-09-08 19:14:48,594 - TradingBot - INFO - Applying core strategy to 0 bot trade(s).
2025-09-08 19:14:48,594 - TradingBot - INFO - Strategy: Running checks...
2025-09-08 19:14:48,594 - TradingBot - INFO - No open bot trades. Checking for new entry signal.
2025-09-08 19:14:48,594 - TradingBot - INFO - Entry Signal Check (EMA Crossover): HOLD | Current Trend Memory: BULLISH
2025-09-08 19:14:49,604 - TradingBot - INFO - Applying core strategy to 0 bot trade(s).
2025-09-08 19:14:49,604 - TradingBot - INFO - Strategy: Running checks...
2025-09-08 19:14:49,604 - TradingBot - INFO - No open bot trades. Checking for new entry signal.
2025-09-08 19:14:49,604 - TradingBot - INFO - Entry Signal Check (EMA Crossover): HOLD | Current Trend Memory: BULLISH
2025-09-08 19:14:50,619 - TradingBot - INFO - Applying core strategy to 0 bot trade(s).
2025-09-08 19:14:50,619 - TradingBot - INFO - Strategy: Running checks...
2025-09-08 19:14:50,619 - TradingBot - INFO - No open bot trades. Checking for new entry signal.
2025-09-08 19:14:50,619 - TradingBot - INFO - Entry Signal Check (EMA Crossover): HOLD | Current Trend Memory: BULLISH
2025-09-08 19:14:51,629 - TradingBot - INFO - Applying core strategy to 0 bot trade(s).
2025-09-08 19:14:51,629 - TradingBot - INFO - Strategy: Running checks...
2025-09-08 19:14:51,629 - TradingBot - INFO - No open bot trades. Checking for new entry signal.
2025-09-08 19:14:51,629 - TradingBot - INFO - Entry Signal Check (EMA Crossover): HOLD | Current Trend Memory: BULLISH
2025-09-08 19:14:52,644 - TradingBot - INFO - Applying core strategy to 0 bot trade(s).
2025-09-08 19:14:52,644 - TradingBot - INFO - Strategy: Running checks...
2025-09-08 19:14:52,644 - TradingBot - INFO - No open bot trades. Checking for new entry signal.
2025-09-08 19:14:52,644 - TradingBot - INFO - Entry Signal Check (EMA Crossover): HOLD | Current Trend Memory: BULLISH
2025-09-08 19:14:53,654 - TradingBot - INFO - Applying core strategy to 0 bot trade(s).
2025-09-08 19:14:53,654 - TradingBot - INFO - Strategy: Running checks...
2025-09-08 19:14:53,654 - TradingBot - INFO - No open bot trades. Checking for new entry signal.
2025-09-08 19:14:53,654 - TradingBot - INFO - Entry Signal Check (EMA Crossover): HOLD | Current Trend Memory: BULLISH
2025-09-08 19:14:54,668 - TradingBot - INFO - Applying core strategy to 0 bot trade(s).
2025-09-08 19:14:54,668 - TradingBot - INFO - Strategy: Running checks...
2025-09-08 19:14:54,668 - TradingBot - INFO - No open bot trades. Checking for new entry signal.
2025-09-08 19:14:54,668 - TradingBot - INFO - Entry Signal Check (EMA Crossover): HOLD | Current Trend Memory: BULLISH
2025-09-08 19:14:55,678 - TradingBot - INFO - Applying core strategy to 0 bot trade(s).
2025-09-08 19:14:55,678 - TradingBot - INFO - Strategy: Running checks...
2025-09-08 19:14:55,678 - TradingBot - INFO - No open bot trades. Checking for new entry signal.
2025-09-08 19:14:55,678 - TradingBot - INFO - Entry Signal Check (EMA Crossover): HOLD | Current Trend Memory: BULLISH
2025-09-08 19:14:56,689 - TradingBot - INFO - Applying core strategy to 0 bot trade(s).
2025-09-08 19:14:56,689 - TradingBot - INFO - Strategy: Running checks...
2025-09-08 19:14:56,689 - TradingBot - INFO - No open bot trades. Checking for new entry signal.
2025-09-08 19:14:56,689 - TradingBot - INFO - Entry Signal Check (EMA Crossover): HOLD | Current Trend Memory: BULLISH
2025-09-08 19:14:57,701 - TradingBot - INFO - Applying core strategy to 0 bot trade(s).
2025-09-08 19:14:57,701 - TradingBot - INFO - Strategy: Running checks...
2025-09-08 19:14:57,701 - TradingBot - INFO - No open bot trades. Checking for new entry signal.
2025-09-08 19:14:57,701 - TradingBot - INFO - Entry Signal Check (EMA Crossover): HOLD | Current Trend Memory: BULLISH
2025-09-08 19:14:58,715 - TradingBot - INFO - Applying core strategy to 0 bot trade(s).
2025-09-08 19:14:58,715 - TradingBot - INFO - Strategy: Running checks...
2025-09-08 19:14:58,715 - TradingBot - INFO - No open bot trades. Checking for new entry signal.
2025-09-08 19:14:58,715 - TradingBot - INFO - Entry Signal Check (EMA Crossover): HOLD | Current Trend Memory: BULLISH
2025-09-08 19:14:59,727 - TradingBot - INFO - Applying core strategy to 0 bot trade(s).
2025-09-08 19:14:59,727 - TradingBot - INFO - Strategy: Running checks...
2025-09-08 19:14:59,727 - TradingBot - INFO - No open bot trades. Checking for new entry signal.
2025-09-08 19:14:59,727 - TradingBot - INFO - Entry Signal Check (EMA Crossover): HOLD | Current Trend Memory: BULLISH
2025-09-08 19:15:00,738 - TradingBot - INFO - Applying core strategy to 0 bot trade(s).
2025-09-08 19:15:00,738 - TradingBot - INFO - Strategy: Running checks...
2025-09-08 19:15:00,738 - TradingBot - INFO - No open bot trades. Checking for new entry signal.
2025-09-08 19:15:00,738 - TradingBot - INFO - Entry Signal Check (EMA Crossover): HOLD | Current Trend Memory: BULLISH
2025-09-08 19:15:01,752 - TradingBot - INFO - Applying core strategy to 0 bot trade(s).
2025-09-08 19:15:01,752 - TradingBot - INFO - Strategy: Running checks...
2025-09-08 19:15:01,752 - TradingBot - INFO - No open bot trades. Checking for new entry signal.
2025-09-08 19:15:01,752 - TradingBot - INFO - Entry Signal Check (EMA Crossover): HOLD | Current Trend Memory: BULLISH
2025-09-08 19:15:02,764 - TradingBot - INFO - Applying core strategy to 0 bot trade(s).
2025-09-08 19:15:02,764 - TradingBot - INFO - Strategy: Running checks...
2025-09-08 19:15:02,764 - TradingBot - INFO - No open bot trades. Checking for new entry signal.
2025-09-08 19:15:02,779 - TradingBot - INFO - Entry Signal Check (EMA Crossover): HOLD | Current Trend Memory: BULLISH
2025-09-08 19:15:03,785 - TradingBot - INFO - Applying core strategy to 0 bot trade(s).
2025-09-08 19:15:03,785 - TradingBot - INFO - Strategy: Running checks...
2025-09-08 19:15:03,785 - TradingBot - INFO - No open bot trades. Checking for new entry signal.
2025-09-08 19:15:03,785 - TradingBot - INFO - Entry Signal Check (EMA Crossover): HOLD | Current Trend Memory: BULLISH
2025-09-08 19:15:04,797 - TradingBot - INFO - Applying core strategy to 0 bot trade(s).
2025-09-08 19:15:04,797 - TradingBot - INFO - Strategy: Running checks...
2025-09-08 19:15:04,797 - TradingBot - INFO - No open bot trades. Checking for new entry signal.
2025-09-08 19:15:04,797 - TradingBot - INFO - Entry Signal Check (EMA Crossover): HOLD | Current Trend Memory: BULLISH
2025-09-08 19:15:05,809 - TradingBot - INFO - Applying core strategy to 0 bot trade(s).
2025-09-08 19:15:05,809 - TradingBot - INFO - Strategy: Running checks...
2025-09-08 19:15:05,809 - TradingBot - INFO - No open bot trades. Checking for new entry signal.
2025-09-08 19:15:05,809 - TradingBot - INFO - Entry Signal Check (EMA Crossover): HOLD | Current Trend Memory: BULLISH
2025-09-08 19:15:06,821 - TradingBot - INFO - Applying core strategy to 0 bot trade(s).
2025-09-08 19:15:06,821 - TradingBot - INFO - Strategy: Running checks...
2025-09-08 19:15:06,821 - TradingBot - INFO - No open bot trades. Checking for new entry signal.
2025-09-08 19:15:06,821 - TradingBot - INFO - Entry Signal Check (EMA Crossover): HOLD | Current Trend Memory: BULLISH
2025-09-08 19:15:07,837 - TradingBot - INFO - Applying core strategy to 0 bot trade(s).
2025-09-08 19:15:07,837 - TradingBot - INFO - Strategy: Running checks...
2025-09-08 19:15:07,837 - TradingBot - INFO - No open bot trades. Checking for new entry signal.
2025-09-08 19:15:07,837 - TradingBot - INFO - Entry Signal Check (EMA Crossover): HOLD | Current Trend Memory: BULLISH
2025-09-08 19:15:08,849 - TradingBot - INFO - Applying core strategy to 0 bot trade(s).
2025-09-08 19:15:08,849 - TradingBot - INFO - Strategy: Running checks...
2025-09-08 19:15:08,849 - TradingBot - INFO - No open bot trades. Checking for new entry signal.
2025-09-08 19:15:08,849 - TradingBot - INFO - Entry Signal Check (EMA Crossover): HOLD | Current Trend Memory: BULLISH
2025-09-08 19:15:09,862 - TradingBot - INFO - Applying core strategy to 0 bot trade(s).
2025-09-08 19:15:09,862 - TradingBot - INFO - Strategy: Running checks...
2025-09-08 19:15:09,862 - TradingBot - INFO - No open bot trades. Checking for new entry signal.
2025-09-08 19:15:09,862 - TradingBot - INFO - Entry Signal Check (EMA Crossover): HOLD | Current Trend Memory: BULLISH
2025-09-08 19:15:10,876 - TradingBot - INFO - Applying core strategy to 0 bot trade(s).
2025-09-08 19:15:10,876 - TradingBot - INFO - Strategy: Running checks...
2025-09-08 19:15:10,876 - TradingBot - INFO - No open bot trades. Checking for new entry signal.
2025-09-08 19:15:10,876 - TradingBot - INFO - Entry Signal Check (EMA Crossover): HOLD | Current Trend Memory: BULLISH
2025-09-08 19:15:11,886 - TradingBot - INFO - Applying core strategy to 0 bot trade(s).
2025-09-08 19:15:11,886 - TradingBot - INFO - Strategy: Running checks...
2025-09-08 19:15:11,886 - TradingBot - INFO - No open bot trades. Checking for new entry signal.
2025-09-08 19:15:11,886 - TradingBot - INFO - Entry Signal Check (EMA Crossover): HOLD | Current Trend Memory: BULLISH
2025-09-08 19:15:12,901 - TradingBot - INFO - Applying core strategy to 0 bot trade(s).
2025-09-08 19:15:12,901 - TradingBot - INFO - Strategy: Running checks...
2025-09-08 19:15:12,901 - TradingBot - INFO - No open bot trades. Checking for new entry signal.
2025-09-08 19:15:12,901 - TradingBot - INFO - Entry Signal Check (EMA Crossover): HOLD | Current Trend Memory: BULLISH
2025-09-08 19:15:13,911 - TradingBot - INFO - Applying core strategy to 0 bot trade(s).
2025-09-08 19:15:13,911 - TradingBot - INFO - Strategy: Running checks...
2025-09-08 19:15:13,911 - TradingBot - INFO - No open bot trades. Checking for new entry signal.
2025-09-08 19:15:13,911 - TradingBot - INFO - Entry Signal Check (EMA Crossover): HOLD | Current Trend Memory: BULLISH
2025-09-08 19:15:14,925 - TradingBot - INFO - Applying core strategy to 0 bot trade(s).
2025-09-08 19:15:14,925 - TradingBot - INFO - Strategy: Running checks...
2025-09-08 19:15:14,925 - TradingBot - INFO - No open bot trades. Checking for new entry signal.
2025-09-08 19:15:14,925 - TradingBot - INFO - Entry Signal Check (EMA Crossover): HOLD | Current Trend Memory: BULLISH
2025-09-08 19:15:15,938 - TradingBot - INFO - Applying core strategy to 0 bot trade(s).
2025-09-08 19:15:15,938 - TradingBot - INFO - Strategy: Running checks...
2025-09-08 19:15:15,938 - TradingBot - INFO - No open bot trades. Checking for new entry signal.
2025-09-08 19:15:15,938 - TradingBot - INFO - Entry Signal Check (EMA Crossover): HOLD | Current Trend Memory: BULLISH
2025-09-08 19:15:16,949 - TradingBot - INFO - Applying core strategy to 0 bot trade(s).
2025-09-08 19:15:16,949 - TradingBot - INFO - Strategy: Running checks...
2025-09-08 19:15:16,949 - TradingBot - INFO - No open bot trades. Checking for new entry signal.
2025-09-08 19:15:16,949 - TradingBot - INFO - Entry Signal Check (EMA Crossover): HOLD | Current Trend Memory: BULLISH
2025-09-08 19:15:17,963 - TradingBot - INFO - Applying core strategy to 0 bot trade(s).
2025-09-08 19:15:17,963 - TradingBot - INFO - Strategy: Running checks...
2025-09-08 19:15:17,963 - TradingBot - INFO - No open bot trades. Checking for new entry signal.
2025-09-08 19:15:17,963 - TradingBot - INFO - Entry Signal Check (EMA Crossover): HOLD | Current Trend Memory: BULLISH
2025-09-08 19:15:18,973 - TradingBot - INFO - Applying core strategy to 0 bot trade(s).
2025-09-08 19:15:18,973 - TradingBot - INFO - Strategy: Running checks...
2025-09-08 19:15:18,973 - TradingBot - INFO - No open bot trades. Checking for new entry signal.
2025-09-08 19:15:18,973 - TradingBot - INFO - Entry Signal Check (EMA Crossover): HOLD | Current Trend Memory: BULLISH
2025-09-08 19:15:19,985 - TradingBot - INFO - Applying core strategy to 0 bot trade(s).
2025-09-08 19:15:19,985 - TradingBot - INFO - Strategy: Running checks...
2025-09-08 19:15:19,985 - TradingBot - INFO - No open bot trades. Checking for new entry signal.
2025-09-08 19:15:19,985 - TradingBot - INFO - Entry Signal Check (EMA Crossover): HOLD | Current Trend Memory: BULLISH
2025-09-08 19:15:20,996 - TradingBot - INFO - Applying core strategy to 0 bot trade(s).
2025-09-08 19:15:20,996 - TradingBot - INFO - Strategy: Running checks...
2025-09-08 19:15:20,996 - TradingBot - INFO - No open bot trades. Checking for new entry signal.
2025-09-08 19:15:20,996 - TradingBot - INFO - Entry Signal Check (EMA Crossover): HOLD | Current Trend Memory: BULLISH
2025-09-08 19:15:22,010 - TradingBot - INFO - Applying core strategy to 0 bot trade(s).
2025-09-08 19:15:22,010 - TradingBot - INFO - Strategy: Running checks...
2025-09-08 19:15:22,010 - TradingBot - INFO - No open bot trades. Checking for new entry signal.
2025-09-08 19:15:22,010 - TradingBot - INFO - Entry Signal Check (EMA Crossover): HOLD | Current Trend Memory: BULLISH
2025-09-08 19:15:23,022 - TradingBot - INFO - Applying core strategy to 0 bot trade(s).
2025-09-08 19:15:23,022 - TradingBot - INFO - Strategy: Running checks...
2025-09-08 19:15:23,022 - TradingBot - INFO - No open bot trades. Checking for new entry signal.
2025-09-08 19:15:23,022 - TradingBot - INFO - Entry Signal Check (EMA Crossover): HOLD | Current Trend Memory: BULLISH
2025-09-08 19:15:24,036 - TradingBot - INFO - Applying core strategy to 0 bot trade(s).
2025-09-08 19:15:24,036 - TradingBot - INFO - Strategy: Running checks...
2025-09-08 19:15:24,036 - TradingBot - INFO - No open bot trades. Checking for new entry signal.
2025-09-08 19:15:24,036 - TradingBot - INFO - Entry Signal Check (EMA Crossover): HOLD | Current Trend Memory: BULLISH
2025-09-08 19:15:25,049 - TradingBot - INFO - Applying core strategy to 0 bot trade(s).
2025-09-08 19:15:25,049 - TradingBot - INFO - Strategy: Running checks...
2025-09-08 19:15:25,049 - TradingBot - INFO - No open bot trades. Checking for new entry signal.
2025-09-08 19:15:25,049 - TradingBot - INFO - Entry Signal Check (EMA Crossover): HOLD | Current Trend Memory: BULLISH
2025-09-08 19:15:26,060 - TradingBot - INFO - Applying core strategy to 0 bot trade(s).
2025-09-08 19:15:26,060 - TradingBot - INFO - Strategy: Running checks...
2025-09-08 19:15:26,060 - TradingBot - INFO - No open bot trades. Checking for new entry signal.
2025-09-08 19:15:26,060 - TradingBot - INFO - Entry Signal Check (EMA Crossover): HOLD | Current Trend Memory: BULLISH
2025-09-08 19:15:27,071 - TradingBot - INFO - Applying core strategy to 0 bot trade(s).
2025-09-08 19:15:27,071 - TradingBot - INFO - Strategy: Running checks...
2025-09-08 19:15:27,071 - TradingBot - INFO - No open bot trades. Checking for new entry signal.
2025-09-08 19:15:27,071 - TradingBot - INFO - Entry Signal Check (EMA Crossover): HOLD | Current Trend Memory: BULLISH
2025-09-08 19:15:28,084 - TradingBot - INFO - Applying core strategy to 0 bot trade(s).
2025-09-08 19:15:28,084 - TradingBot - INFO - Strategy: Running checks...
2025-09-08 19:15:28,084 - TradingBot - INFO - No open bot trades. Checking for new entry signal.
2025-09-08 19:15:28,084 - TradingBot - INFO - Entry Signal Check (EMA Crossover): HOLD | Current Trend Memory: BULLISH
2025-09-08 19:15:29,094 - TradingBot - INFO - Applying core strategy to 0 bot trade(s).
2025-09-08 19:15:29,094 - TradingBot - INFO - Strategy: Running checks...
2025-09-08 19:15:29,094 - TradingBot - INFO - No open bot trades. Checking for new entry signal.
2025-09-08 19:15:29,094 - TradingBot - INFO - Entry Signal Check (EMA Crossover): HOLD | Current Trend Memory: BULLISH
2025-09-08 19:15:30,108 - TradingBot - INFO - Applying core strategy to 0 bot trade(s).
2025-09-08 19:15:30,108 - TradingBot - INFO - Strategy: Running checks...
2025-09-08 19:15:30,108 - TradingBot - INFO - No open bot trades. Checking for new entry signal.
2025-09-08 19:15:30,108 - TradingBot - INFO - Entry Signal Check (EMA Crossover): HOLD | Current Trend Memory: BULLISH
2025-09-08 19:15:31,118 - TradingBot - INFO - Applying core strategy to 0 bot trade(s).
2025-09-08 19:15:31,118 - TradingBot - INFO - Strategy: Running checks...
2025-09-08 19:15:31,118 - TradingBot - INFO - No open bot trades. Checking for new entry signal.
2025-09-08 19:15:31,118 - TradingBot - INFO - Entry Signal Check (EMA Crossover): HOLD | Current Trend Memory: BULLISH
2025-09-08 19:15:32,133 - TradingBot - INFO - Applying core strategy to 0 bot trade(s).
2025-09-08 19:15:32,133 - TradingBot - INFO - Strategy: Running checks...
2025-09-08 19:15:32,133 - TradingBot - INFO - No open bot trades. Checking for new entry signal.
2025-09-08 19:15:32,133 - TradingBot - INFO - Entry Signal Check (EMA Crossover): HOLD | Current Trend Memory: BULLISH
2025-09-08 19:15:33,146 - TradingBot - INFO - Applying core strategy to 0 bot trade(s).
2025-09-08 19:15:33,146 - TradingBot - INFO - Strategy: Running checks...
2025-09-08 19:15:33,146 - TradingBot - INFO - No open bot trades. Checking for new entry signal.
2025-09-08 19:15:33,146 - TradingBot - INFO - Entry Signal Check (EMA Crossover): HOLD | Current Trend Memory: BULLISH
2025-09-08 19:15:34,157 - TradingBot - INFO - Applying core strategy to 0 bot trade(s).
2025-09-08 19:15:34,157 - TradingBot - INFO - Strategy: Running checks...
2025-09-08 19:15:34,157 - TradingBot - INFO - No open bot trades. Checking for new entry signal.
2025-09-08 19:15:34,157 - TradingBot - INFO - Entry Signal Check (EMA Crossover): HOLD | Current Trend Memory: BULLISH
2025-09-08 19:15:35,166 - TradingBot - INFO - Applying core strategy to 0 bot trade(s).
2025-09-08 19:15:35,166 - TradingBot - INFO - Strategy: Running checks...
2025-09-08 19:15:35,166 - TradingBot - INFO - No open bot trades. Checking for new entry signal.
2025-09-08 19:15:35,166 - TradingBot - INFO - Entry Signal Check (EMA Crossover): HOLD | Current Trend Memory: BULLISH
2025-09-08 19:15:36,177 - TradingBot - INFO - Applying core strategy to 0 bot trade(s).
2025-09-08 19:15:36,177 - TradingBot - INFO - Strategy: Running checks...
2025-09-08 19:15:36,177 - TradingBot - INFO - No open bot trades. Checking for new entry signal.
2025-09-08 19:15:36,177 - TradingBot - INFO - Entry Signal Check (EMA Crossover): HOLD | Current Trend Memory: BULLISH
2025-09-08 19:15:37,190 - TradingBot - INFO - Applying core strategy to 0 bot trade(s).
2025-09-08 19:15:37,190 - TradingBot - INFO - Strategy: Running checks...
2025-09-08 19:15:37,190 - TradingBot - INFO - No open bot trades. Checking for new entry signal.
2025-09-08 19:15:37,190 - TradingBot - INFO - Entry Signal Check (EMA Crossover): HOLD | Current Trend Memory: BULLISH
2025-09-08 19:15:38,201 - TradingBot - INFO - Applying core strategy to 0 bot trade(s).
2025-09-08 19:15:38,201 - TradingBot - INFO - Strategy: Running checks...
2025-09-08 19:15:38,201 - TradingBot - INFO - No open bot trades. Checking for new entry signal.
2025-09-08 19:15:38,201 - TradingBot - INFO - Entry Signal Check (EMA Crossover): HOLD | Current Trend Memory: BULLISH
2025-09-08 19:15:39,212 - TradingBot - INFO - Applying core strategy to 0 bot trade(s).
2025-09-08 19:15:39,212 - TradingBot - INFO - Strategy: Running checks...
2025-09-08 19:15:39,212 - TradingBot - INFO - No open bot trades. Checking for new entry signal.
2025-09-08 19:15:39,212 - TradingBot - INFO - Entry Signal Check (EMA Crossover): HOLD | Current Trend Memory: BULLISH
2025-09-08 19:15:40,224 - TradingBot - INFO - Applying core strategy to 0 bot trade(s).
2025-09-08 19:15:40,224 - TradingBot - INFO - Strategy: Running checks...
2025-09-08 19:15:40,224 - TradingBot - INFO - No open bot trades. Checking for new entry signal.
2025-09-08 19:15:40,224 - TradingBot - INFO - Entry Signal Check (EMA Crossover): HOLD | Current Trend Memory: BULLISH
2025-09-08 19:15:41,235 - TradingBot - INFO - Applying core strategy to 0 bot trade(s).
2025-09-08 19:15:41,235 - TradingBot - INFO - Strategy: Running checks...
2025-09-08 19:15:41,235 - TradingBot - INFO - No open bot trades. Checking for new entry signal.
2025-09-08 19:15:41,235 - TradingBot - INFO - Entry Signal Check (EMA Crossover): HOLD | Current Trend Memory: BULLISH
2025-09-08 19:15:42,247 - TradingBot - INFO - Applying core strategy to 0 bot trade(s).
2025-09-08 19:15:42,247 - TradingBot - INFO - Strategy: Running checks...
2025-09-08 19:15:42,247 - TradingBot - INFO - No open bot trades. Checking for new entry signal.
2025-09-08 19:15:42,247 - TradingBot - INFO - Entry Signal Check (EMA Crossover): HOLD | Current Trend Memory: BULLISH
2025-09-08 19:15:43,262 - TradingBot - INFO - Applying core strategy to 0 bot trade(s).
2025-09-08 19:15:43,262 - TradingBot - INFO - Strategy: Running checks...
2025-09-08 19:15:43,262 - TradingBot - INFO - No open bot trades. Checking for new entry signal.
2025-09-08 19:15:43,262 - TradingBot - INFO - Entry Signal Check (EMA Crossover): HOLD | Current Trend Memory: BULLISH
2025-09-08 19:15:44,271 - TradingBot - INFO - Applying core strategy to 0 bot trade(s).
2025-09-08 19:15:44,271 - TradingBot - INFO - Strategy: Running checks...
2025-09-08 19:15:44,271 - TradingBot - INFO - No open bot trades. Checking for new entry signal.
2025-09-08 19:15:44,271 - TradingBot - INFO - Entry Signal Check (EMA Crossover): HOLD | Current Trend Memory: BULLISH
2025-09-08 19:15:45,284 - TradingBot - INFO - Applying core strategy to 0 bot trade(s).
2025-09-08 19:15:45,284 - TradingBot - INFO - Strategy: Running checks...
2025-09-08 19:15:45,284 - TradingBot - INFO - No open bot trades. Checking for new entry signal.
2025-09-08 19:15:45,284 - TradingBot - INFO - Entry Signal Check (EMA Crossover): HOLD | Current Trend Memory: BULLISH
2025-09-08 19:15:46,295 - TradingBot - INFO - Applying core strategy to 0 bot trade(s).
2025-09-08 19:15:46,295 - TradingBot - INFO - Strategy: Running checks...
2025-09-08 19:15:46,295 - TradingBot - INFO - No open bot trades. Checking for new entry signal.
2025-09-08 19:15:46,295 - TradingBot - INFO - Entry Signal Check (EMA Crossover): HOLD | Current Trend Memory: BULLISH
2025-09-08 19:15:47,306 - TradingBot - INFO - Applying core strategy to 0 bot trade(s).
2025-09-08 19:15:47,306 - TradingBot - INFO - Strategy: Running checks...
2025-09-08 19:15:47,306 - TradingBot - INFO - No open bot trades. Checking for new entry signal.
2025-09-08 19:15:47,306 - TradingBot - INFO - Entry Signal Check (EMA Crossover): HOLD | Current Trend Memory: BULLISH
2025-09-08 19:15:48,319 - TradingBot - INFO - Applying core strategy to 0 bot trade(s).
2025-09-08 19:15:48,319 - TradingBot - INFO - Strategy: Running checks...
2025-09-08 19:15:48,319 - TradingBot - INFO - No open bot trades. Checking for new entry signal.
2025-09-08 19:15:48,319 - TradingBot - INFO - Entry Signal Check (EMA Crossover): HOLD | Current Trend Memory: BULLISH
2025-09-08 19:15:49,332 - TradingBot - INFO - Applying core strategy to 0 bot trade(s).
2025-09-08 19:15:49,332 - TradingBot - INFO - Strategy: Running checks...
2025-09-08 19:15:49,332 - TradingBot - INFO - No open bot trades. Checking for new entry signal.
2025-09-08 19:15:49,332 - TradingBot - INFO - Entry Signal Check (EMA Crossover): HOLD | Current Trend Memory: BULLISH
2025-09-08 19:15:50,346 - TradingBot - INFO - Applying core strategy to 0 bot trade(s).
2025-09-08 19:15:50,346 - TradingBot - INFO - Strategy: Running checks...
2025-09-08 19:15:50,346 - TradingBot - INFO - No open bot trades. Checking for new entry signal.
2025-09-08 19:15:50,346 - TradingBot - INFO - Entry Signal Check (EMA Crossover): HOLD | Current Trend Memory: BULLISH
2025-09-08 19:15:51,358 - TradingBot - INFO - Applying core strategy to 0 bot trade(s).
2025-09-08 19:15:51,358 - TradingBot - INFO - Strategy: Running checks...
2025-09-08 19:15:51,358 - TradingBot - INFO - No open bot trades. Checking for new entry signal.
2025-09-08 19:15:51,358 - TradingBot - INFO - Entry Signal Check (EMA Crossover): HOLD | Current Trend Memory: BULLISH
2025-09-08 19:15:52,370 - TradingBot - INFO - Applying core strategy to 0 bot trade(s).
2025-09-08 19:15:52,370 - TradingBot - INFO - Strategy: Running checks...
2025-09-08 19:15:52,370 - TradingBot - INFO - No open bot trades. Checking for new entry signal.
2025-09-08 19:15:52,370 - TradingBot - INFO - Entry Signal Check (EMA Crossover): HOLD | Current Trend Memory: BULLISH
2025-09-08 19:15:53,383 - TradingBot - INFO - Applying core strategy to 0 bot trade(s).
2025-09-08 19:15:53,383 - TradingBot - INFO - Strategy: Running checks...
2025-09-08 19:15:53,383 - TradingBot - INFO - No open bot trades. Checking for new entry signal.
2025-09-08 19:15:53,383 - TradingBot - INFO - Entry Signal Check (EMA Crossover): HOLD | Current Trend Memory: BULLISH
2025-09-08 19:15:54,394 - TradingBot - INFO - Applying core strategy to 0 bot trade(s).
2025-09-08 19:15:54,394 - TradingBot - INFO - Strategy: Running checks...
2025-09-08 19:15:54,394 - TradingBot - INFO - No open bot trades. Checking for new entry signal.
2025-09-08 19:15:54,394 - TradingBot - INFO - Entry Signal Check (EMA Crossover): HOLD | Current Trend Memory: BULLISH
2025-09-08 19:15:55,407 - TradingBot - INFO - Applying core strategy to 0 bot trade(s).
2025-09-08 19:15:55,407 - TradingBot - INFO - Strategy: Running checks...
2025-09-08 19:15:55,407 - TradingBot - INFO - No open bot trades. Checking for new entry signal.
2025-09-08 19:15:55,407 - TradingBot - INFO - Entry Signal Check (EMA Crossover): HOLD | Current Trend Memory: BULLISH
2025-09-08 19:15:56,416 - TradingBot - INFO - Applying core strategy to 0 bot trade(s).
2025-09-08 19:15:56,416 - TradingBot - INFO - Strategy: Running checks...
2025-09-08 19:15:56,416 - TradingBot - INFO - No open bot trades. Checking for new entry signal.
2025-09-08 19:15:56,416 - TradingBot - INFO - Entry Signal Check (EMA Crossover): HOLD | Current Trend Memory: BULLISH
2025-09-08 19:15:57,427 - TradingBot - INFO - Applying core strategy to 0 bot trade(s).
2025-09-08 19:15:57,427 - TradingBot - INFO - Strategy: Running checks...
2025-09-08 19:15:57,427 - TradingBot - INFO - No open bot trades. Checking for new entry signal.
2025-09-08 19:15:57,427 - TradingBot - INFO - Entry Signal Check (EMA Crossover): HOLD | Current Trend Memory: BULLISH
2025-09-08 19:15:58,439 - TradingBot - INFO - Applying core strategy to 0 bot trade(s).
2025-09-08 19:15:58,439 - TradingBot - INFO - Strategy: Running checks...
2025-09-08 19:15:58,439 - TradingBot - INFO - No open bot trades. Checking for new entry signal.
2025-09-08 19:15:58,439 - TradingBot - INFO - Entry Signal Check (EMA Crossover): HOLD | Current Trend Memory: BULLISH
2025-09-08 19:15:59,451 - TradingBot - INFO - Applying core strategy to 0 bot trade(s).
2025-09-08 19:15:59,451 - TradingBot - INFO - Strategy: Running checks...
2025-09-08 19:15:59,451 - TradingBot - INFO - No open bot trades. Checking for new entry signal.
2025-09-08 19:15:59,451 - TradingBot - INFO - Entry Signal Check (EMA Crossover): HOLD | Current Trend Memory: BULLISH
2025-09-08 19:16:00,465 - TradingBot - INFO - Applying core strategy to 0 bot trade(s).
2025-09-08 19:16:00,465 - TradingBot - INFO - Strategy: Running checks...
2025-09-08 19:16:00,465 - TradingBot - INFO - No open bot trades. Checking for new entry signal.
2025-09-08 19:16:00,465 - TradingBot - INFO - Entry Signal Check (EMA Crossover): HOLD | Current Trend Memory: BULLISH
2025-09-08 19:16:01,475 - TradingBot - INFO - Applying core strategy to 0 bot trade(s).
2025-09-08 19:16:01,475 - TradingBot - INFO - Strategy: Running checks...
2025-09-08 19:16:01,475 - TradingBot - INFO - No open bot trades. Checking for new entry signal.
2025-09-08 19:16:01,475 - TradingBot - INFO - Entry Signal Check (EMA Crossover): HOLD | Current Trend Memory: BULLISH
2025-09-08 19:16:02,492 - TradingBot - INFO - Applying core strategy to 0 bot trade(s).
2025-09-08 19:16:02,492 - TradingBot - INFO - Strategy: Running checks...
2025-09-08 19:16:02,492 - TradingBot - INFO - No open bot trades. Checking for new entry signal.
2025-09-08 19:16:02,492 - TradingBot - INFO - Entry Signal Check (EMA Crossover): HOLD | Current Trend Memory: BULLISH
2025-09-08 19:16:03,504 - TradingBot - INFO - Applying core strategy to 0 bot trade(s).
2025-09-08 19:16:03,504 - TradingBot - INFO - Strategy: Running checks...
2025-09-08 19:16:03,504 - TradingBot - INFO - No open bot trades. Checking for new entry signal.
2025-09-08 19:16:03,504 - TradingBot - INFO - Entry Signal Check (EMA Crossover): HOLD | Current Trend Memory: BULLISH
2025-09-08 19:16:04,516 - TradingBot - INFO - Applying core strategy to 0 bot trade(s).
2025-09-08 19:16:04,516 - TradingBot - INFO - Strategy: Running checks...
2025-09-08 19:16:04,516 - TradingBot - INFO - No open bot trades. Checking for new entry signal.
2025-09-08 19:16:04,516 - TradingBot - INFO - Entry Signal Check (EMA Crossover): HOLD | Current Trend Memory: BULLISH
2025-09-08 19:16:05,538 - TradingBot - INFO - Applying core strategy to 0 bot trade(s).
2025-09-08 19:16:05,538 - TradingBot - INFO - Strategy: Running checks...
2025-09-08 19:16:05,538 - TradingBot - INFO - No open bot trades. Checking for new entry signal.
2025-09-08 19:16:05,538 - TradingBot - INFO - Entry Signal Check (EMA Crossover): HOLD | Current Trend Memory: BULLISH
2025-09-08 19:16:06,551 - TradingBot - INFO - Applying core strategy to 0 bot trade(s).
2025-09-08 19:16:06,551 - TradingBot - INFO - Strategy: Running checks...
2025-09-08 19:16:06,551 - TradingBot - INFO - No open bot trades. Checking for new entry signal.
2025-09-08 19:16:06,551 - TradingBot - INFO - Entry Signal Check (EMA Crossover): HOLD | Current Trend Memory: BULLISH
2025-09-08 19:16:07,564 - TradingBot - INFO - Applying core strategy to 0 bot trade(s).
2025-09-08 19:16:07,564 - TradingBot - INFO - Strategy: Running checks...
2025-09-08 19:16:07,564 - TradingBot - INFO - No open bot trades. Checking for new entry signal.
2025-09-08 19:16:07,564 - TradingBot - INFO - Entry Signal Check (EMA Crossover): HOLD | Current Trend Memory: BULLISH
2025-09-08 19:16:08,574 - TradingBot - INFO - Applying core strategy to 0 bot trade(s).
2025-09-08 19:16:08,574 - TradingBot - INFO - Strategy: Running checks...
2025-09-08 19:16:08,574 - TradingBot - INFO - No open bot trades. Checking for new entry signal.
2025-09-08 19:16:08,574 - TradingBot - INFO - Entry Signal Check (EMA Crossover): HOLD | Current Trend Memory: BULLISH
2025-09-08 19:16:09,587 - TradingBot - INFO - Applying core strategy to 0 bot trade(s).
2025-09-08 19:16:09,587 - TradingBot - INFO - Strategy: Running checks...
2025-09-08 19:16:09,587 - TradingBot - INFO - No open bot trades. Checking for new entry signal.
2025-09-08 19:16:09,587 - TradingBot - INFO - Entry Signal Check (EMA Crossover): HOLD | Current Trend Memory: BULLISH
2025-09-08 19:16:10,600 - TradingBot - INFO - Applying core strategy to 0 bot trade(s).
2025-09-08 19:16:10,600 - TradingBot - INFO - Strategy: Running checks...
2025-09-08 19:16:10,600 - TradingBot - INFO - No open bot trades. Checking for new entry signal.
2025-09-08 19:16:10,600 - TradingBot - INFO - Entry Signal Check (EMA Crossover): HOLD | Current Trend Memory: BULLISH
2025-09-08 19:16:11,611 - TradingBot - INFO - Applying core strategy to 0 bot trade(s).
2025-09-08 19:16:11,611 - TradingBot - INFO - Strategy: Running checks...
2025-09-08 19:16:11,611 - TradingBot - INFO - No open bot trades. Checking for new entry signal.
2025-09-08 19:16:11,611 - TradingBot - INFO - Entry Signal Check (EMA Crossover): HOLD | Current Trend Memory: BULLISH
2025-09-08 19:16:12,628 - TradingBot - INFO - Applying core strategy to 0 bot trade(s).
2025-09-08 19:16:12,628 - TradingBot - INFO - Strategy: Running checks...
2025-09-08 19:16:12,628 - TradingBot - INFO - No open bot trades. Checking for new entry signal.
2025-09-08 19:16:12,628 - TradingBot - INFO - Entry Signal Check (EMA Crossover): HOLD | Current Trend Memory: BULLISH
2025-09-08 19:16:13,640 - TradingBot - INFO - Applying core strategy to 0 bot trade(s).
2025-09-08 19:16:13,640 - TradingBot - INFO - Strategy: Running checks...
2025-09-08 19:16:13,640 - TradingBot - INFO - No open bot trades. Checking for new entry signal.
2025-09-08 19:16:13,640 - TradingBot - INFO - Entry Signal Check (EMA Crossover): HOLD | Current Trend Memory: BULLISH
2025-09-08 19:16:14,653 - TradingBot - INFO - Applying core strategy to 0 bot trade(s).
2025-09-08 19:16:14,653 - TradingBot - INFO - Strategy: Running checks...
2025-09-08 19:16:14,653 - TradingBot - INFO - No open bot trades. Checking for new entry signal.
2025-09-08 19:16:14,653 - TradingBot - INFO - Entry Signal Check (EMA Crossover): HOLD | Current Trend Memory: BULLISH
2025-09-08 19:16:15,665 - TradingBot - INFO - Applying core strategy to 0 bot trade(s).
2025-09-08 19:16:15,665 - TradingBot - INFO - Strategy: Running checks...
2025-09-08 19:16:15,665 - TradingBot - INFO - No open bot trades. Checking for new entry signal.
2025-09-08 19:16:15,665 - TradingBot - INFO - Entry Signal Check (EMA Crossover): HOLD | Current Trend Memory: BULLISH
2025-09-08 19:16:16,675 - TradingBot - INFO - Applying core strategy to 0 bot trade(s).
2025-09-08 19:16:16,675 - TradingBot - INFO - Strategy: Running checks...
2025-09-08 19:16:16,675 - TradingBot - INFO - No open bot trades. Checking for new entry signal.
2025-09-08 19:16:16,675 - TradingBot - INFO - Entry Signal Check (EMA Crossover): HOLD | Current Trend Memory: BULLISH
2025-09-08 19:16:17,690 - TradingBot - INFO - Applying core strategy to 0 bot trade(s).
2025-09-08 19:16:17,690 - TradingBot - INFO - Strategy: Running checks...
2025-09-08 19:16:17,690 - TradingBot - INFO - No open bot trades. Checking for new entry signal.
2025-09-08 19:16:17,690 - TradingBot - INFO - Entry Signal Check (EMA Crossover): HOLD | Current Trend Memory: BULLISH
2025-09-08 19:16:18,700 - TradingBot - INFO - Applying core strategy to 0 bot trade(s).
2025-09-08 19:16:18,700 - TradingBot - INFO - Strategy: Running checks...
2025-09-08 19:16:18,700 - TradingBot - INFO - No open bot trades. Checking for new entry signal.
2025-09-08 19:16:18,700 - TradingBot - INFO - Entry Signal Check (EMA Crossover): HOLD | Current Trend Memory: BULLISH
2025-09-08 19:16:19,713 - TradingBot - INFO - Applying core strategy to 0 bot trade(s).
2025-09-08 19:16:19,713 - TradingBot - INFO - Strategy: Running checks...
2025-09-08 19:16:19,713 - TradingBot - INFO - No open bot trades. Checking for new entry signal.
2025-09-08 19:16:19,713 - TradingBot - INFO - Entry Signal Check (EMA Crossover): HOLD | Current Trend Memory: BULLISH
2025-09-08 19:16:20,728 - TradingBot - INFO - Applying core strategy to 0 bot trade(s).
2025-09-08 19:16:20,728 - TradingBot - INFO - Strategy: Running checks...
2025-09-08 19:16:20,728 - TradingBot - INFO - No open bot trades. Checking for new entry signal.
2025-09-08 19:16:20,728 - TradingBot - INFO - Entry Signal Check (EMA Crossover): HOLD | Current Trend Memory: BULLISH
2025-09-08 19:16:21,739 - TradingBot - INFO - Applying core strategy to 0 bot trade(s).
2025-09-08 19:16:21,739 - TradingBot - INFO - Strategy: Running checks...
2025-09-08 19:16:21,739 - TradingBot - INFO - No open bot trades. Checking for new entry signal.
2025-09-08 19:16:21,739 - TradingBot - INFO - Entry Signal Check (EMA Crossover): HOLD | Current Trend Memory: BULLISH
2025-09-08 19:16:22,749 - TradingBot - INFO - Applying core strategy to 0 bot trade(s).
2025-09-08 19:16:22,749 - TradingBot - INFO - Strategy: Running checks...
2025-09-08 19:16:22,749 - TradingBot - INFO - No open bot trades. Checking for new entry signal.
2025-09-08 19:16:22,749 - TradingBot - INFO - Entry Signal Check (EMA Crossover): HOLD | Current Trend Memory: BULLISH
2025-09-08 19:16:23,761 - TradingBot - INFO - Applying core strategy to 0 bot trade(s).
2025-09-08 19:16:23,761 - TradingBot - INFO - Strategy: Running checks...
2025-09-08 19:16:23,761 - TradingBot - INFO - No open bot trades. Checking for new entry signal.
2025-09-08 19:16:23,761 - TradingBot - INFO - Entry Signal Check (EMA Crossover): HOLD | Current Trend Memory: BULLISH
2025-09-08 19:16:24,774 - TradingBot - INFO - Applying core strategy to 0 bot trade(s).
2025-09-08 19:16:24,774 - TradingBot - INFO - Strategy: Running checks...
2025-09-08 19:16:24,774 - TradingBot - INFO - No open bot trades. Checking for new entry signal.
2025-09-08 19:16:24,774 - TradingBot - INFO - Entry Signal Check (EMA Crossover): HOLD | Current Trend Memory: BULLISH
2025-09-08 19:16:25,784 - TradingBot - INFO - Applying core strategy to 0 bot trade(s).
2025-09-08 19:16:25,784 - TradingBot - INFO - Strategy: Running checks...
2025-09-08 19:16:25,784 - TradingBot - INFO - No open bot trades. Checking for new entry signal.
2025-09-08 19:16:25,784 - TradingBot - INFO - Entry Signal Check (EMA Crossover): HOLD | Current Trend Memory: BULLISH
2025-09-08 19:16:26,795 - TradingBot - INFO - Applying core strategy to 0 bot trade(s).
2025-09-08 19:16:26,795 - TradingBot - INFO - Strategy: Running checks...
2025-09-08 19:16:26,795 - TradingBot - INFO - No open bot trades. Checking for new entry signal.
2025-09-08 19:16:26,795 - TradingBot - INFO - Entry Signal Check (EMA Crossover): HOLD | Current Trend Memory: BULLISH
2025-09-08 19:16:27,808 - TradingBot - INFO - Applying core strategy to 0 bot trade(s).
2025-09-08 19:16:27,808 - TradingBot - INFO - Strategy: Running checks...
2025-09-08 19:16:27,808 - TradingBot - INFO - No open bot trades. Checking for new entry signal.
2025-09-08 19:16:27,808 - TradingBot - INFO - Entry Signal Check (EMA Crossover): HOLD | Current Trend Memory: BULLISH
2025-09-08 19:16:28,820 - TradingBot - INFO - Applying core strategy to 0 bot trade(s).
2025-09-08 19:16:28,820 - TradingBot - INFO - Strategy: Running checks...
2025-09-08 19:16:28,820 - TradingBot - INFO - No open bot trades. Checking for new entry signal.
2025-09-08 19:16:28,820 - TradingBot - INFO - Entry Signal Check (EMA Crossover): HOLD | Current Trend Memory: BULLISH
2025-09-08 19:16:29,833 - TradingBot - INFO - Applying core strategy to 0 bot trade(s).
2025-09-08 19:16:29,833 - TradingBot - INFO - Strategy: Running checks...
2025-09-08 19:16:29,833 - TradingBot - INFO - No open bot trades. Checking for new entry signal.
2025-09-08 19:16:29,833 - TradingBot - INFO - Entry Signal Check (EMA Crossover): HOLD | Current Trend Memory: BULLISH
2025-09-08 19:16:30,844 - TradingBot - INFO - Applying core strategy to 0 bot trade(s).
2025-09-08 19:16:30,844 - TradingBot - INFO - Strategy: Running checks...
2025-09-08 19:16:30,844 - TradingBot - INFO - No open bot trades. Checking for new entry signal.
2025-09-08 19:16:30,844 - TradingBot - INFO - Entry Signal Check (EMA Crossover): HOLD | Current Trend Memory: BULLISH
2025-09-08 19:16:31,857 - TradingBot - INFO - Applying core strategy to 0 bot trade(s).
2025-09-08 19:16:31,857 - TradingBot - INFO - Strategy: Running checks...
2025-09-08 19:16:31,857 - TradingBot - INFO - No open bot trades. Checking for new entry signal.
2025-09-08 19:16:31,857 - TradingBot - INFO - Entry Signal Check (EMA Crossover): HOLD | Current Trend Memory: BULLISH
2025-09-08 19:16:32,869 - TradingBot - INFO - Applying core strategy to 0 bot trade(s).
2025-09-08 19:16:32,869 - TradingBot - INFO - Strategy: Running checks...
2025-09-08 19:16:32,869 - TradingBot - INFO - No open bot trades. Checking for new entry signal.
2025-09-08 19:16:32,869 - TradingBot - INFO - Entry Signal Check (EMA Crossover): HOLD | Current Trend Memory: BULLISH
2025-09-08 19:16:33,880 - TradingBot - INFO - Applying core strategy to 0 bot trade(s).
2025-09-08 19:16:33,880 - TradingBot - INFO - Strategy: Running checks...
2025-09-08 19:16:33,880 - TradingBot - INFO - No open bot trades. Checking for new entry signal.
2025-09-08 19:16:33,880 - TradingBot - INFO - Entry Signal Check (EMA Crossover): HOLD | Current Trend Memory: BULLISH
2025-09-08 19:16:34,894 - TradingBot - INFO - Applying core strategy to 0 bot trade(s).
2025-09-08 19:16:34,894 - TradingBot - INFO - Strategy: Running checks...
2025-09-08 19:16:34,894 - TradingBot - INFO - No open bot trades. Checking for new entry signal.
2025-09-08 19:16:34,894 - TradingBot - INFO - Entry Signal Check (EMA Crossover): HOLD | Current Trend Memory: BULLISH
2025-09-08 19:16:35,903 - TradingBot - INFO - Applying core strategy to 0 bot trade(s).
2025-09-08 19:16:35,903 - TradingBot - INFO - Strategy: Running checks...
2025-09-08 19:16:35,903 - TradingBot - INFO - No open bot trades. Checking for new entry signal.
2025-09-08 19:16:35,903 - TradingBot - INFO - Entry Signal Check (EMA Crossover): HOLD | Current Trend Memory: BULLISH
2025-09-08 19:16:36,914 - TradingBot - INFO - Applying core strategy to 0 bot trade(s).
2025-09-08 19:16:36,914 - TradingBot - INFO - Strategy: Running checks...
2025-09-08 19:16:36,914 - TradingBot - INFO - No open bot trades. Checking for new entry signal.
2025-09-08 19:16:36,914 - TradingBot - INFO - Entry Signal Check (EMA Crossover): HOLD | Current Trend Memory: BULLISH
2025-09-08 19:16:37,925 - TradingBot - INFO - Applying core strategy to 0 bot trade(s).
2025-09-08 19:16:37,925 - TradingBot - INFO - Strategy: Running checks...
2025-09-08 19:16:37,925 - TradingBot - INFO - No open bot trades. Checking for new entry signal.
2025-09-08 19:16:37,925 - TradingBot - INFO - Entry Signal Check (EMA Crossover): HOLD | Current Trend Memory: BULLISH
2025-09-08 19:16:38,938 - TradingBot - INFO - Applying core strategy to 0 bot trade(s).
2025-09-08 19:16:38,938 - TradingBot - INFO - Strategy: Running checks...
2025-09-08 19:16:38,938 - TradingBot - INFO - No open bot trades. Checking for new entry signal.
2025-09-08 19:16:38,938 - TradingBot - INFO - Entry Signal Check (EMA Crossover): HOLD | Current Trend Memory: BULLISH
2025-09-08 19:16:39,949 - TradingBot - INFO - Applying core strategy to 0 bot trade(s).
2025-09-08 19:16:39,949 - TradingBot - INFO - Strategy: Running checks...
2025-09-08 19:16:39,949 - TradingBot - INFO - No open bot trades. Checking for new entry signal.
2025-09-08 19:16:39,949 - TradingBot - INFO - Entry Signal Check (EMA Crossover): HOLD | Current Trend Memory: BULLISH
2025-09-08 19:16:40,962 - TradingBot - INFO - Applying core strategy to 0 bot trade(s).
2025-09-08 19:16:40,962 - TradingBot - INFO - Strategy: Running checks...
2025-09-08 19:16:40,962 - TradingBot - INFO - No open bot trades. Checking for new entry signal.
2025-09-08 19:16:40,962 - TradingBot - INFO - Entry Signal Check (EMA Crossover): HOLD | Current Trend Memory: BULLISH
2025-09-08 19:16:41,974 - TradingBot - INFO - Applying core strategy to 0 bot trade(s).
2025-09-08 19:16:41,974 - TradingBot - INFO - Strategy: Running checks...
2025-09-08 19:16:41,974 - TradingBot - INFO - No open bot trades. Checking for new entry signal.
2025-09-08 19:16:41,974 - TradingBot - INFO - Entry Signal Check (EMA Crossover): HOLD | Current Trend Memory: BULLISH
2025-09-08 19:16:42,987 - TradingBot - INFO - Applying core strategy to 0 bot trade(s).
2025-09-08 19:16:42,987 - TradingBot - INFO - Strategy: Running checks...
2025-09-08 19:16:42,987 - TradingBot - INFO - No open bot trades. Checking for new entry signal.
2025-09-08 19:16:42,987 - TradingBot - INFO - Entry Signal Check (EMA Crossover): HOLD | Current Trend Memory: BULLISH
2025-09-08 19:16:43,999 - TradingBot - INFO - Applying core strategy to 0 bot trade(s).
2025-09-08 19:16:43,999 - TradingBot - INFO - Strategy: Running checks...
2025-09-08 19:16:43,999 - TradingBot - INFO - No open bot trades. Checking for new entry signal.
2025-09-08 19:16:43,999 - TradingBot - INFO - Entry Signal Check (EMA Crossover): HOLD | Current Trend Memory: BULLISH
2025-09-08 19:16:45,009 - TradingBot - INFO - Applying core strategy to 0 bot trade(s).
2025-09-08 19:16:45,009 - TradingBot - INFO - Strategy: Running checks...
2025-09-08 19:16:45,009 - TradingBot - INFO - No open bot trades. Checking for new entry signal.
2025-09-08 19:16:45,009 - TradingBot - INFO - Entry Signal Check (EMA Crossover): HOLD | Current Trend Memory: BULLISH
2025-09-08 19:16:46,022 - TradingBot - INFO - Applying core strategy to 0 bot trade(s).
2025-09-08 19:16:46,022 - TradingBot - INFO - Strategy: Running checks...
2025-09-08 19:16:46,022 - TradingBot - INFO - No open bot trades. Checking for new entry signal.
2025-09-08 19:16:46,022 - TradingBot - INFO - Entry Signal Check (EMA Crossover): HOLD | Current Trend Memory: BULLISH
2025-09-08 19:16:47,033 - TradingBot - INFO - Applying core strategy to 0 bot trade(s).
2025-09-08 19:16:47,033 - TradingBot - INFO - Strategy: Running checks...
2025-09-08 19:16:47,033 - TradingBot - INFO - No open bot trades. Checking for new entry signal.
2025-09-08 19:16:47,033 - TradingBot - INFO - Entry Signal Check (EMA Crossover): HOLD | Current Trend Memory: BULLISH
2025-09-08 19:16:48,045 - TradingBot - INFO - Applying core strategy to 0 bot trade(s).
2025-09-08 19:16:48,045 - TradingBot - INFO - Strategy: Running checks...
2025-09-08 19:16:48,045 - TradingBot - INFO - No open bot trades. Checking for new entry signal.
2025-09-08 19:16:48,045 - TradingBot - INFO - Entry Signal Check (EMA Crossover): HOLD | Current Trend Memory: BULLISH
2025-09-08 19:16:49,058 - TradingBot - INFO - Applying core strategy to 0 bot trade(s).
2025-09-08 19:16:49,058 - TradingBot - INFO - Strategy: Running checks...
2025-09-08 19:16:49,058 - TradingBot - INFO - No open bot trades. Checking for new entry signal.
2025-09-08 19:16:49,058 - TradingBot - INFO - Entry Signal Check (EMA Crossover): HOLD | Current Trend Memory: BULLISH
2025-09-08 19:16:50,072 - TradingBot - INFO - Applying core strategy to 0 bot trade(s).
2025-09-08 19:16:50,072 - TradingBot - INFO - Strategy: Running checks...
2025-09-08 19:16:50,072 - TradingBot - INFO - No open bot trades. Checking for new entry signal.
2025-09-08 19:16:50,072 - TradingBot - INFO - Entry Signal Check (EMA Crossover): HOLD | Current Trend Memory: BULLISH
2025-09-08 19:16:51,083 - TradingBot - INFO - Applying core strategy to 0 bot trade(s).
2025-09-08 19:16:51,083 - TradingBot - INFO - Strategy: Running checks...
2025-09-08 19:16:51,083 - TradingBot - INFO - No open bot trades. Checking for new entry signal.
2025-09-08 19:16:51,083 - TradingBot - INFO - Entry Signal Check (EMA Crossover): HOLD | Current Trend Memory: BULLISH
2025-09-08 19:16:52,095 - TradingBot - INFO - Applying core strategy to 0 bot trade(s).
2025-09-08 19:16:52,095 - TradingBot - INFO - Strategy: Running checks...
2025-09-08 19:16:52,095 - TradingBot - INFO - No open bot trades. Checking for new entry signal.
2025-09-08 19:16:52,095 - TradingBot - INFO - Entry Signal Check (EMA Crossover): HOLD | Current Trend Memory: BULLISH
2025-09-08 19:16:53,106 - TradingBot - INFO - Applying core strategy to 0 bot trade(s).
2025-09-08 19:16:53,106 - TradingBot - INFO - Strategy: Running checks...
2025-09-08 19:16:53,106 - TradingBot - INFO - No open bot trades. Checking for new entry signal.
2025-09-08 19:16:53,121 - TradingBot - INFO - Entry Signal Check (EMA Crossover): HOLD | Current Trend Memory: BULLISH
2025-09-08 19:16:54,123 - TradingBot - INFO - Applying core strategy to 0 bot trade(s).
2025-09-08 19:16:54,123 - TradingBot - INFO - Strategy: Running checks...
2025-09-08 19:16:54,123 - TradingBot - INFO - No open bot trades. Checking for new entry signal.
2025-09-08 19:16:54,123 - TradingBot - INFO - Entry Signal Check (EMA Crossover): HOLD | Current Trend Memory: BULLISH
2025-09-08 19:16:55,135 - TradingBot - INFO - Applying core strategy to 0 bot trade(s).
2025-09-08 19:16:55,135 - TradingBot - INFO - Strategy: Running checks...
2025-09-08 19:16:55,135 - TradingBot - INFO - No open bot trades. Checking for new entry signal.
2025-09-08 19:16:55,135 - TradingBot - INFO - Entry Signal Check (EMA Crossover): HOLD | Current Trend Memory: BULLISH
2025-09-08 19:16:56,145 - TradingBot - INFO - Applying core strategy to 0 bot trade(s).
2025-09-08 19:16:56,145 - TradingBot - INFO - Strategy: Running checks...
2025-09-08 19:16:56,145 - TradingBot - INFO - No open bot trades. Checking for new entry signal.
2025-09-08 19:16:56,145 - TradingBot - INFO - Entry Signal Check (EMA Crossover): HOLD | Current Trend Memory: BULLISH
2025-09-08 19:16:57,155 - TradingBot - INFO - Applying core strategy to 0 bot trade(s).
2025-09-08 19:16:57,155 - TradingBot - INFO - Strategy: Running checks...
2025-09-08 19:16:57,155 - TradingBot - INFO - No open bot trades. Checking for new entry signal.
2025-09-08 19:16:57,155 - TradingBot - INFO - Entry Signal Check (EMA Crossover): HOLD | Current Trend Memory: BULLISH
2025-09-08 19:16:58,166 - TradingBot - INFO - Applying core strategy to 0 bot trade(s).
2025-09-08 19:16:58,166 - TradingBot - INFO - Strategy: Running checks...
2025-09-08 19:16:58,166 - TradingBot - INFO - No open bot trades. Checking for new entry signal.
2025-09-08 19:16:58,166 - TradingBot - INFO - Entry Signal Check (EMA Crossover): HOLD | Current Trend Memory: BULLISH
2025-09-08 19:16:59,178 - TradingBot - INFO - Applying core strategy to 0 bot trade(s).
2025-09-08 19:16:59,178 - TradingBot - INFO - Strategy: Running checks...
2025-09-08 19:16:59,178 - TradingBot - INFO - No open bot trades. Checking for new entry signal.
2025-09-08 19:16:59,178 - TradingBot - INFO - Entry Signal Check (EMA Crossover): HOLD | Current Trend Memory: BULLISH
2025-09-08 19:17:00,193 - TradingBot - INFO - Applying core strategy to 0 bot trade(s).
2025-09-08 19:17:00,193 - TradingBot - INFO - Strategy: Running checks...
2025-09-08 19:17:00,193 - TradingBot - INFO - No open bot trades. Checking for new entry signal.
2025-09-08 19:17:00,193 - TradingBot - INFO - Entry Signal Check (EMA Crossover): HOLD | Current Trend Memory: BULLISH
2025-09-08 19:17:01,208 - TradingBot - INFO - Applying core strategy to 0 bot trade(s).
2025-09-08 19:17:01,208 - TradingBot - INFO - Strategy: Running checks...
2025-09-08 19:17:01,208 - TradingBot - INFO - No open bot trades. Checking for new entry signal.
2025-09-08 19:17:01,208 - TradingBot - INFO - Entry Signal Check (EMA Crossover): HOLD | Current Trend Memory: BULLISH
2025-09-08 19:17:02,220 - TradingBot - INFO - Applying core strategy to 0 bot trade(s).
2025-09-08 19:17:02,220 - TradingBot - INFO - Strategy: Running checks...
2025-09-08 19:17:02,220 - TradingBot - INFO - No open bot trades. Checking for new entry signal.
2025-09-08 19:17:02,220 - TradingBot - INFO - Entry Signal Check (EMA Crossover): HOLD | Current Trend Memory: BULLISH
2025-09-08 19:17:03,232 - TradingBot - INFO - Applying core strategy to 0 bot trade(s).
2025-09-08 19:17:03,232 - TradingBot - INFO - Strategy: Running checks...
2025-09-08 19:17:03,232 - TradingBot - INFO - No open bot trades. Checking for new entry signal.
2025-09-08 19:17:03,247 - TradingBot - INFO - Entry Signal Check (EMA Crossover): HOLD | Current Trend Memory: BULLISH
2025-09-08 19:17:04,249 - TradingBot - INFO - Applying core strategy to 0 bot trade(s).
2025-09-08 19:17:04,249 - TradingBot - INFO - Strategy: Running checks...
2025-09-08 19:17:04,249 - TradingBot - INFO - No open bot trades. Checking for new entry signal.
2025-09-08 19:17:04,249 - TradingBot - INFO - Entry Signal Check (EMA Crossover): HOLD | Current Trend Memory: BULLISH
2025-09-08 19:17:05,263 - TradingBot - INFO - Applying core strategy to 0 bot trade(s).
2025-09-08 19:17:05,263 - TradingBot - INFO - Strategy: Running checks...
2025-09-08 19:17:05,263 - TradingBot - INFO - No open bot trades. Checking for new entry signal.
2025-09-08 19:17:05,263 - TradingBot - INFO - Entry Signal Check (EMA Crossover): HOLD | Current Trend Memory: BULLISH
2025-09-08 19:17:06,273 - TradingBot - INFO - Applying core strategy to 0 bot trade(s).
2025-09-08 19:17:06,273 - TradingBot - INFO - Strategy: Running checks...
2025-09-08 19:17:06,273 - TradingBot - INFO - No open bot trades. Checking for new entry signal.
2025-09-08 19:17:06,273 - TradingBot - INFO - Entry Signal Check (EMA Crossover): HOLD | Current Trend Memory: BULLISH
2025-09-08 19:17:07,284 - TradingBot - INFO - Applying core strategy to 0 bot trade(s).
2025-09-08 19:17:07,284 - TradingBot - INFO - Strategy: Running checks...
2025-09-08 19:17:07,284 - TradingBot - INFO - No open bot trades. Checking for new entry signal.
2025-09-08 19:17:07,284 - TradingBot - INFO - Entry Signal Check (EMA Crossover): HOLD | Current Trend Memory: BULLISH
2025-09-08 19:17:08,294 - TradingBot - INFO - Applying core strategy to 0 bot trade(s).
2025-09-08 19:17:08,294 - TradingBot - INFO - Strategy: Running checks...
2025-09-08 19:17:08,294 - TradingBot - INFO - No open bot trades. Checking for new entry signal.
2025-09-08 19:17:08,294 - TradingBot - INFO - Entry Signal Check (EMA Crossover): HOLD | Current Trend Memory: BULLISH
2025-09-08 19:17:09,305 - TradingBot - INFO - Applying core strategy to 0 bot trade(s).
2025-09-08 19:17:09,305 - TradingBot - INFO - Strategy: Running checks...
2025-09-08 19:17:09,305 - TradingBot - INFO - No open bot trades. Checking for new entry signal.
2025-09-08 19:17:09,305 - TradingBot - INFO - Entry Signal Check (EMA Crossover): HOLD | Current Trend Memory: BULLISH
2025-09-08 19:17:10,319 - TradingBot - INFO - Applying core strategy to 0 bot trade(s).
2025-09-08 19:17:10,319 - TradingBot - INFO - Strategy: Running checks...
2025-09-08 19:17:10,319 - TradingBot - INFO - No open bot trades. Checking for new entry signal.
2025-09-08 19:17:10,319 - TradingBot - INFO - Entry Signal Check (EMA Crossover): HOLD | Current Trend Memory: BULLISH
2025-09-08 19:17:11,330 - TradingBot - INFO - Applying core strategy to 0 bot trade(s).
2025-09-08 19:17:11,330 - TradingBot - INFO - Strategy: Running checks...
2025-09-08 19:17:11,330 - TradingBot - INFO - No open bot trades. Checking for new entry signal.
2025-09-08 19:17:11,330 - TradingBot - INFO - Entry Signal Check (EMA Crossover): HOLD | Current Trend Memory: BULLISH
2025-09-08 19:17:12,344 - TradingBot - INFO - Applying core strategy to 0 bot trade(s).
2025-09-08 19:17:12,344 - TradingBot - INFO - Strategy: Running checks...
2025-09-08 19:17:12,344 - TradingBot - INFO - No open bot trades. Checking for new entry signal.
2025-09-08 19:17:12,360 - TradingBot - INFO - Entry Signal Check (EMA Crossover): HOLD | Current Trend Memory: BULLISH
2025-09-08 19:17:13,363 - TradingBot - INFO - Applying core strategy to 0 bot trade(s).
2025-09-08 19:17:13,363 - TradingBot - INFO - Strategy: Running checks...
2025-09-08 19:17:13,363 - TradingBot - INFO - No open bot trades. Checking for new entry signal.
2025-09-08 19:17:13,363 - TradingBot - INFO - Entry Signal Check (EMA Crossover): HOLD | Current Trend Memory: BULLISH
2025-09-08 19:17:14,375 - TradingBot - INFO - Applying core strategy to 0 bot trade(s).
2025-09-08 19:17:14,375 - TradingBot - INFO - Strategy: Running checks...
2025-09-08 19:17:14,375 - TradingBot - INFO - No open bot trades. Checking for new entry signal.
2025-09-08 19:17:14,375 - TradingBot - INFO - Entry Signal Check (EMA Crossover): HOLD | Current Trend Memory: BULLISH
2025-09-08 19:17:15,386 - TradingBot - INFO - Applying core strategy to 0 bot trade(s).
2025-09-08 19:17:15,386 - TradingBot - INFO - Strategy: Running checks...
2025-09-08 19:17:15,386 - TradingBot - INFO - No open bot trades. Checking for new entry signal.
2025-09-08 19:17:15,386 - TradingBot - INFO - Entry Signal Check (EMA Crossover): HOLD | Current Trend Memory: BULLISH
2025-09-08 19:17:16,401 - TradingBot - INFO - Applying core strategy to 0 bot trade(s).
2025-09-08 19:17:16,401 - TradingBot - INFO - Strategy: Running checks...
2025-09-08 19:17:16,401 - TradingBot - INFO - No open bot trades. Checking for new entry signal.
2025-09-08 19:17:16,401 - TradingBot - INFO - Entry Signal Check (EMA Crossover): HOLD | Current Trend Memory: BULLISH
2025-09-08 19:17:17,413 - TradingBot - INFO - Applying core strategy to 0 bot trade(s).
2025-09-08 19:17:17,413 - TradingBot - INFO - Strategy: Running checks...
2025-09-08 19:17:17,413 - TradingBot - INFO - No open bot trades. Checking for new entry signal.
2025-09-08 19:17:17,413 - TradingBot - INFO - Entry Signal Check (EMA Crossover): HOLD | Current Trend Memory: BULLISH
2025-09-08 19:17:18,430 - TradingBot - INFO - Applying core strategy to 0 bot trade(s).
2025-09-08 19:17:18,430 - TradingBot - INFO - Strategy: Running checks...
2025-09-08 19:17:18,430 - TradingBot - INFO - No open bot trades. Checking for new entry signal.
2025-09-08 19:17:18,430 - TradingBot - INFO - Entry Signal Check (EMA Crossover): HOLD | Current Trend Memory: BULLISH
2025-09-08 19:17:19,440 - TradingBot - INFO - Applying core strategy to 0 bot trade(s).
2025-09-08 19:17:19,440 - TradingBot - INFO - Strategy: Running checks...
2025-09-08 19:17:19,440 - TradingBot - INFO - No open bot trades. Checking for new entry signal.
2025-09-08 19:17:19,440 - TradingBot - INFO - Entry Signal Check (EMA Crossover): HOLD | Current Trend Memory: BULLISH
2025-09-08 19:17:20,453 - TradingBot - INFO - Applying core strategy to 0 bot trade(s).
2025-09-08 19:17:20,453 - TradingBot - INFO - Strategy: Running checks...
2025-09-08 19:17:20,453 - TradingBot - INFO - No open bot trades. Checking for new entry signal.
2025-09-08 19:17:20,453 - TradingBot - INFO - Entry Signal Check (EMA Crossover): HOLD | Current Trend Memory: BULLISH
2025-09-08 19:17:21,465 - TradingBot - INFO - Applying core strategy to 0 bot trade(s).
2025-09-08 19:17:21,465 - TradingBot - INFO - Strategy: Running checks...
2025-09-08 19:17:21,465 - TradingBot - INFO - No open bot trades. Checking for new entry signal.
2025-09-08 19:17:21,465 - TradingBot - INFO - Entry Signal Check (EMA Crossover): HOLD | Current Trend Memory: BULLISH
2025-09-08 19:17:22,476 - TradingBot - INFO - Applying core strategy to 0 bot trade(s).
2025-09-08 19:17:22,476 - TradingBot - INFO - Strategy: Running checks...
2025-09-08 19:17:22,476 - TradingBot - INFO - No open bot trades. Checking for new entry signal.
2025-09-08 19:17:22,476 - TradingBot - INFO - Entry Signal Check (EMA Crossover): HOLD | Current Trend Memory: BULLISH
2025-09-08 19:17:23,491 - TradingBot - INFO - Applying core strategy to 0 bot trade(s).
2025-09-08 19:17:23,491 - TradingBot - INFO - Strategy: Running checks...
2025-09-08 19:17:23,491 - TradingBot - INFO - No open bot trades. Checking for new entry signal.
2025-09-08 19:17:23,491 - TradingBot - INFO - Entry Signal Check (EMA Crossover): HOLD | Current Trend Memory: BULLISH
2025-09-08 19:17:24,503 - TradingBot - INFO - Applying core strategy to 0 bot trade(s).
2025-09-08 19:17:24,503 - TradingBot - INFO - Strategy: Running checks...
2025-09-08 19:17:24,503 - TradingBot - INFO - No open bot trades. Checking for new entry signal.
2025-09-08 19:17:24,503 - TradingBot - INFO - Entry Signal Check (EMA Crossover): HOLD | Current Trend Memory: BULLISH
2025-09-08 19:17:25,516 - TradingBot - INFO - Applying core strategy to 0 bot trade(s).
2025-09-08 19:17:25,516 - TradingBot - INFO - Strategy: Running checks...
2025-09-08 19:17:25,516 - TradingBot - INFO - No open bot trades. Checking for new entry signal.
2025-09-08 19:17:25,516 - TradingBot - INFO - Entry Signal Check (EMA Crossover): HOLD | Current Trend Memory: BULLISH
2025-09-08 19:17:26,528 - TradingBot - INFO - Applying core strategy to 0 bot trade(s).
2025-09-08 19:17:26,528 - TradingBot - INFO - Strategy: Running checks...
2025-09-08 19:17:26,528 - TradingBot - INFO - No open bot trades. Checking for new entry signal.
2025-09-08 19:17:26,528 - TradingBot - INFO - Entry Signal Check (EMA Crossover): HOLD | Current Trend Memory: BULLISH
2025-09-08 19:17:27,539 - TradingBot - INFO - Applying core strategy to 0 bot trade(s).
2025-09-08 19:17:27,539 - TradingBot - INFO - Strategy: Running checks...
2025-09-08 19:17:27,539 - TradingBot - INFO - No open bot trades. Checking for new entry signal.
2025-09-08 19:17:27,555 - TradingBot - INFO - Entry Signal Check (EMA Crossover): HOLD | Current Trend Memory: BULLISH
2025-09-08 19:17:28,557 - TradingBot - INFO - Applying core strategy to 0 bot trade(s).
2025-09-08 19:17:28,557 - TradingBot - INFO - Strategy: Running checks...
2025-09-08 19:17:28,557 - TradingBot - INFO - No open bot trades. Checking for new entry signal.
2025-09-08 19:17:28,557 - TradingBot - INFO - Entry Signal Check (EMA Crossover): HOLD | Current Trend Memory: BULLISH
2025-09-08 19:17:29,569 - TradingBot - INFO - Applying core strategy to 0 bot trade(s).
2025-09-08 19:17:29,569 - TradingBot - INFO - Strategy: Running checks...
2025-09-08 19:17:29,569 - TradingBot - INFO - No open bot trades. Checking for new entry signal.
2025-09-08 19:17:29,569 - TradingBot - INFO - Entry Signal Check (EMA Crossover): HOLD | Current Trend Memory: BULLISH
2025-09-08 19:17:30,580 - TradingBot - INFO - Applying core strategy to 0 bot trade(s).
2025-09-08 19:17:30,580 - TradingBot - INFO - Strategy: Running checks...
2025-09-08 19:17:30,580 - TradingBot - INFO - No open bot trades. Checking for new entry signal.
2025-09-08 19:17:30,580 - TradingBot - INFO - Entry Signal Check (EMA Crossover): HOLD | Current Trend Memory: BULLISH
2025-09-08 19:17:31,593 - TradingBot - INFO - Applying core strategy to 0 bot trade(s).
2025-09-08 19:17:31,593 - TradingBot - INFO - Strategy: Running checks...
2025-09-08 19:17:31,593 - TradingBot - INFO - No open bot trades. Checking for new entry signal.
2025-09-08 19:17:31,593 - TradingBot - INFO - Entry Signal Check (EMA Crossover): HOLD | Current Trend Memory: BULLISH
2025-09-08 19:17:32,603 - TradingBot - INFO - Applying core strategy to 0 bot trade(s).
2025-09-08 19:17:32,603 - TradingBot - INFO - Strategy: Running checks...
2025-09-08 19:17:32,603 - TradingBot - INFO - No open bot trades. Checking for new entry signal.
2025-09-08 19:17:32,603 - TradingBot - INFO - Entry Signal Check (EMA Crossover): HOLD | Current Trend Memory: BULLISH
2025-09-08 19:17:33,621 - TradingBot - INFO - Applying core strategy to 0 bot trade(s).
2025-09-08 19:17:33,621 - TradingBot - INFO - Strategy: Running checks...
2025-09-08 19:17:33,621 - TradingBot - INFO - No open bot trades. Checking for new entry signal.
2025-09-08 19:17:33,621 - TradingBot - INFO - Entry Signal Check (EMA Crossover): HOLD | Current Trend Memory: BULLISH
2025-09-08 19:17:34,633 - TradingBot - INFO - Applying core strategy to 0 bot trade(s).
2025-09-08 19:17:34,633 - TradingBot - INFO - Strategy: Running checks...
2025-09-08 19:17:34,633 - TradingBot - INFO - No open bot trades. Checking for new entry signal.
2025-09-08 19:17:34,633 - TradingBot - INFO - Entry Signal Check (EMA Crossover): HOLD | Current Trend Memory: BULLISH
2025-09-08 19:17:35,643 - TradingBot - INFO - Applying core strategy to 0 bot trade(s).
2025-09-08 19:17:35,643 - TradingBot - INFO - Strategy: Running checks...
2025-09-08 19:17:35,643 - TradingBot - INFO - No open bot trades. Checking for new entry signal.
2025-09-08 19:17:35,643 - TradingBot - INFO - Entry Signal Check (EMA Crossover): HOLD | Current Trend Memory: BULLISH
2025-09-08 19:17:36,656 - TradingBot - INFO - Applying core strategy to 0 bot trade(s).
2025-09-08 19:17:36,656 - TradingBot - INFO - Strategy: Running checks...
2025-09-08 19:17:36,656 - TradingBot - INFO - No open bot trades. Checking for new entry signal.
2025-09-08 19:17:36,656 - TradingBot - INFO - Entry Signal Check (EMA Crossover): HOLD | Current Trend Memory: BULLISH
2025-09-08 19:17:37,667 - TradingBot - INFO - Applying core strategy to 0 bot trade(s).
2025-09-08 19:17:37,667 - TradingBot - INFO - Strategy: Running checks...
2025-09-08 19:17:37,667 - TradingBot - INFO - No open bot trades. Checking for new entry signal.
2025-09-08 19:17:37,683 - TradingBot - INFO - Entry Signal Check (EMA Crossover): HOLD | Current Trend Memory: BULLISH
2025-09-08 19:17:38,685 - TradingBot - INFO - Applying core strategy to 0 bot trade(s).
2025-09-08 19:17:38,685 - TradingBot - INFO - Strategy: Running checks...
2025-09-08 19:17:38,685 - TradingBot - INFO - No open bot trades. Checking for new entry signal.
2025-09-08 19:17:38,685 - TradingBot - INFO - Entry Signal Check (EMA Crossover): HOLD | Current Trend Memory: BULLISH
2025-09-08 19:17:39,697 - TradingBot - INFO - Applying core strategy to 0 bot trade(s).
2025-09-08 19:17:39,697 - TradingBot - INFO - Strategy: Running checks...
2025-09-08 19:17:39,697 - TradingBot - INFO - No open bot trades. Checking for new entry signal.
2025-09-08 19:17:39,697 - TradingBot - INFO - Entry Signal Check (EMA Crossover): HOLD | Current Trend Memory: BULLISH
2025-09-08 19:17:40,710 - TradingBot - INFO - Applying core strategy to 0 bot trade(s).
2025-09-08 19:17:40,710 - TradingBot - INFO - Strategy: Running checks...
2025-09-08 19:17:40,710 - TradingBot - INFO - No open bot trades. Checking for new entry signal.
2025-09-08 19:17:40,710 - TradingBot - INFO - Entry Signal Check (EMA Crossover): HOLD | Current Trend Memory: BULLISH
2025-09-08 19:17:41,721 - TradingBot - INFO - Applying core strategy to 0 bot trade(s).
2025-09-08 19:17:41,721 - TradingBot - INFO - Strategy: Running checks...
2025-09-08 19:17:41,721 - TradingBot - INFO - No open bot trades. Checking for new entry signal.
2025-09-08 19:17:41,721 - TradingBot - INFO - Entry Signal Check (EMA Crossover): HOLD | Current Trend Memory: BULLISH
2025-09-08 19:17:42,734 - TradingBot - INFO - Applying core strategy to 0 bot trade(s).
2025-09-08 19:17:42,734 - TradingBot - INFO - Strategy: Running checks...
2025-09-08 19:17:42,734 - TradingBot - INFO - No open bot trades. Checking for new entry signal.
2025-09-08 19:17:42,734 - TradingBot - INFO - Entry Signal Check (EMA Crossover): HOLD | Current Trend Memory: BULLISH
2025-09-08 19:17:43,745 - TradingBot - INFO - Applying core strategy to 0 bot trade(s).
2025-09-08 19:17:43,745 - TradingBot - INFO - Strategy: Running checks...
2025-09-08 19:17:43,745 - TradingBot - INFO - No open bot trades. Checking for new entry signal.
2025-09-08 19:17:43,745 - TradingBot - INFO - Entry Signal Check (EMA Crossover): HOLD | Current Trend Memory: BULLISH
2025-09-08 19:17:44,756 - TradingBot - INFO - Applying core strategy to 0 bot trade(s).
2025-09-08 19:17:44,756 - TradingBot - INFO - Strategy: Running checks...
2025-09-08 19:17:44,756 - TradingBot - INFO - No open bot trades. Checking for new entry signal.
2025-09-08 19:17:44,756 - TradingBot - INFO - Entry Signal Check (EMA Crossover): HOLD | Current Trend Memory: BULLISH
2025-09-08 19:17:45,766 - TradingBot - INFO - Applying core strategy to 0 bot trade(s).
2025-09-08 19:17:45,766 - TradingBot - INFO - Strategy: Running checks...
2025-09-08 19:17:45,766 - TradingBot - INFO - No open bot trades. Checking for new entry signal.
2025-09-08 19:17:45,766 - TradingBot - INFO - Entry Signal Check (EMA Crossover): HOLD | Current Trend Memory: BULLISH
2025-09-08 19:17:46,779 - TradingBot - INFO - Applying core strategy to 0 bot trade(s).
2025-09-08 19:17:46,779 - TradingBot - INFO - Strategy: Running checks...
2025-09-08 19:17:46,779 - TradingBot - INFO - No open bot trades. Checking for new entry signal.
2025-09-08 19:17:46,779 - TradingBot - INFO - Entry Signal Check (EMA Crossover): HOLD | Current Trend Memory: BULLISH
2025-09-08 19:17:47,790 - TradingBot - INFO - Applying core strategy to 0 bot trade(s).
2025-09-08 19:17:47,790 - TradingBot - INFO - Strategy: Running checks...
2025-09-08 19:17:47,790 - TradingBot - INFO - No open bot trades. Checking for new entry signal.
2025-09-08 19:17:47,806 - TradingBot - INFO - Entry Signal Check (EMA Crossover): HOLD | Current Trend Memory: BULLISH
2025-09-08 19:17:48,808 - TradingBot - INFO - Applying core strategy to 0 bot trade(s).
2025-09-08 19:17:48,808 - TradingBot - INFO - Strategy: Running checks...
2025-09-08 19:17:48,808 - TradingBot - INFO - No open bot trades. Checking for new entry signal.
2025-09-08 19:17:48,808 - TradingBot - INFO - Entry Signal Check (EMA Crossover): HOLD | Current Trend Memory: BULLISH
2025-09-08 19:17:49,819 - TradingBot - INFO - Applying core strategy to 0 bot trade(s).
2025-09-08 19:17:49,819 - TradingBot - INFO - Strategy: Running checks...
2025-09-08 19:17:49,819 - TradingBot - INFO - No open bot trades. Checking for new entry signal.
2025-09-08 19:17:49,819 - TradingBot - INFO - Entry Signal Check (EMA Crossover): HOLD | Current Trend Memory: BULLISH
2025-09-08 19:17:50,831 - TradingBot - INFO - Applying core strategy to 0 bot trade(s).
2025-09-08 19:17:50,831 - TradingBot - INFO - Strategy: Running checks...
2025-09-08 19:17:50,831 - TradingBot - INFO - No open bot trades. Checking for new entry signal.
2025-09-08 19:17:50,831 - TradingBot - INFO - Entry Signal Check (EMA Crossover): HOLD | Current Trend Memory: BULLISH
2025-09-08 19:17:51,843 - TradingBot - INFO - Applying core strategy to 0 bot trade(s).
2025-09-08 19:17:51,843 - TradingBot - INFO - Strategy: Running checks...
2025-09-08 19:17:51,843 - TradingBot - INFO - No open bot trades. Checking for new entry signal.
2025-09-08 19:17:51,843 - TradingBot - INFO - Entry Signal Check (EMA Crossover): HOLD | Current Trend Memory: BULLISH
2025-09-08 19:17:52,857 - TradingBot - INFO - Applying core strategy to 0 bot trade(s).
2025-09-08 19:17:52,857 - TradingBot - INFO - Strategy: Running checks...
2025-09-08 19:17:52,857 - TradingBot - INFO - No open bot trades. Checking for new entry signal.
2025-09-08 19:17:52,857 - TradingBot - INFO - Entry Signal Check (EMA Crossover): HOLD | Current Trend Memory: BULLISH
2025-09-08 19:17:53,870 - TradingBot - INFO - Applying core strategy to 0 bot trade(s).
2025-09-08 19:17:53,870 - TradingBot - INFO - Strategy: Running checks...
2025-09-08 19:17:53,870 - TradingBot - INFO - No open bot trades. Checking for new entry signal.
2025-09-08 19:17:53,870 - TradingBot - INFO - Entry Signal Check (EMA Crossover): HOLD | Current Trend Memory: BULLISH
2025-09-08 19:17:54,882 - TradingBot - INFO - Applying core strategy to 0 bot trade(s).
2025-09-08 19:17:54,882 - TradingBot - INFO - Strategy: Running checks...
2025-09-08 19:17:54,882 - TradingBot - INFO - No open bot trades. Checking for new entry signal.
2025-09-08 19:17:54,882 - TradingBot - INFO - Entry Signal Check (EMA Crossover): HOLD | Current Trend Memory: BULLISH
2025-09-08 19:17:55,893 - TradingBot - INFO - Applying core strategy to 0 bot trade(s).
2025-09-08 19:17:55,893 - TradingBot - INFO - Strategy: Running checks...
2025-09-08 19:17:55,893 - TradingBot - INFO - No open bot trades. Checking for new entry signal.
2025-09-08 19:17:55,893 - TradingBot - INFO - Entry Signal Check (EMA Crossover): HOLD | Current Trend Memory: BULLISH
2025-09-08 19:17:56,905 - TradingBot - INFO - Applying core strategy to 0 bot trade(s).
2025-09-08 19:17:56,905 - TradingBot - INFO - Strategy: Running checks...
2025-09-08 19:17:56,905 - TradingBot - INFO - No open bot trades. Checking for new entry signal.
2025-09-08 19:17:56,905 - TradingBot - INFO - Entry Signal Check (EMA Crossover): HOLD | Current Trend Memory: BULLISH
2025-09-08 19:17:57,915 - TradingBot - INFO - Applying core strategy to 0 bot trade(s).
2025-09-08 19:17:57,915 - TradingBot - INFO - Strategy: Running checks...
2025-09-08 19:17:57,915 - TradingBot - INFO - No open bot trades. Checking for new entry signal.
2025-09-08 19:17:57,915 - TradingBot - INFO - Entry Signal Check (EMA Crossover): HOLD | Current Trend Memory: BULLISH
2025-09-08 19:17:58,925 - TradingBot - INFO - Applying core strategy to 0 bot trade(s).
2025-09-08 19:17:58,925 - TradingBot - INFO - Strategy: Running checks...
2025-09-08 19:17:58,925 - TradingBot - INFO - No open bot trades. Checking for new entry signal.
2025-09-08 19:17:58,925 - TradingBot - INFO - Entry Signal Check (EMA Crossover): HOLD | Current Trend Memory: BULLISH
2025-09-08 19:17:59,936 - TradingBot - INFO - Applying core strategy to 0 bot trade(s).
2025-09-08 19:17:59,936 - TradingBot - INFO - Strategy: Running checks...
2025-09-08 19:17:59,936 - TradingBot - INFO - No open bot trades. Checking for new entry signal.
2025-09-08 19:17:59,936 - TradingBot - INFO - Entry Signal Check (EMA Crossover): HOLD | Current Trend Memory: BULLISH
2025-09-08 19:18:00,947 - TradingBot - INFO - Applying core strategy to 0 bot trade(s).
2025-09-08 19:18:00,947 - TradingBot - INFO - Strategy: Running checks...
2025-09-08 19:18:00,947 - TradingBot - INFO - No open bot trades. Checking for new entry signal.
2025-09-08 19:18:00,947 - TradingBot - INFO - Entry Signal Check (EMA Crossover): HOLD | Current Trend Memory: BULLISH
2025-09-08 19:18:01,963 - TradingBot - INFO - Applying core strategy to 0 bot trade(s).
2025-09-08 19:18:01,963 - TradingBot - INFO - Strategy: Running checks...
2025-09-08 19:18:01,963 - TradingBot - INFO - No open bot trades. Checking for new entry signal.
2025-09-08 19:18:01,963 - TradingBot - INFO - Entry Signal Check (EMA Crossover): HOLD | Current Trend Memory: BULLISH
2025-09-08 19:18:02,976 - TradingBot - INFO - Applying core strategy to 0 bot trade(s).
2025-09-08 19:18:02,976 - TradingBot - INFO - Strategy: Running checks...
2025-09-08 19:18:02,976 - TradingBot - INFO - No open bot trades. Checking for new entry signal.
2025-09-08 19:18:02,976 - TradingBot - INFO - Entry Signal Check (EMA Crossover): HOLD | Current Trend Memory: BULLISH
2025-09-08 19:18:03,987 - TradingBot - INFO - Applying core strategy to 0 bot trade(s).
2025-09-08 19:18:03,987 - TradingBot - INFO - Strategy: Running checks...
2025-09-08 19:18:03,987 - TradingBot - INFO - No open bot trades. Checking for new entry signal.
2025-09-08 19:18:03,987 - TradingBot - INFO - Entry Signal Check (EMA Crossover): HOLD | Current Trend Memory: BULLISH
2025-09-08 19:18:04,997 - TradingBot - INFO - Applying core strategy to 0 bot trade(s).
2025-09-08 19:18:04,997 - TradingBot - INFO - Strategy: Running checks...
2025-09-08 19:18:04,997 - TradingBot - INFO - No open bot trades. Checking for new entry signal.
2025-09-08 19:18:04,997 - TradingBot - INFO - Entry Signal Check (EMA Crossover): HOLD | Current Trend Memory: BULLISH
2025-09-08 19:18:06,011 - TradingBot - INFO - Applying core strategy to 0 bot trade(s).
2025-09-08 19:18:06,011 - TradingBot - INFO - Strategy: Running checks...
2025-09-08 19:18:06,011 - TradingBot - INFO - No open bot trades. Checking for new entry signal.
2025-09-08 19:18:06,011 - TradingBot - INFO - Entry Signal Check (EMA Crossover): HOLD | Current Trend Memory: BULLISH
2025-09-08 19:18:07,022 - TradingBot - INFO - Applying core strategy to 0 bot trade(s).
2025-09-08 19:18:07,022 - TradingBot - INFO - Strategy: Running checks...
2025-09-08 19:18:07,022 - TradingBot - INFO - No open bot trades. Checking for new entry signal.
2025-09-08 19:18:07,022 - TradingBot - INFO - Entry Signal Check (EMA Crossover): HOLD | Current Trend Memory: BULLISH
2025-09-08 19:18:08,037 - TradingBot - INFO - Applying core strategy to 0 bot trade(s).
2025-09-08 19:18:08,037 - TradingBot - INFO - Strategy: Running checks...
2025-09-08 19:18:08,037 - TradingBot - INFO - No open bot trades. Checking for new entry signal.
2025-09-08 19:18:08,037 - TradingBot - INFO - Entry Signal Check (EMA Crossover): HOLD | Current Trend Memory: BULLISH
2025-09-08 19:18:09,048 - TradingBot - INFO - Applying core strategy to 0 bot trade(s).
2025-09-08 19:18:09,048 - TradingBot - INFO - Strategy: Running checks...
2025-09-08 19:18:09,048 - TradingBot - INFO - No open bot trades. Checking for new entry signal.
2025-09-08 19:18:09,048 - TradingBot - INFO - Entry Signal Check (EMA Crossover): HOLD | Current Trend Memory: BULLISH
2025-09-08 19:18:10,063 - TradingBot - INFO - Applying core strategy to 0 bot trade(s).
2025-09-08 19:18:10,063 - TradingBot - INFO - Strategy: Running checks...
2025-09-08 19:18:10,063 - TradingBot - INFO - No open bot trades. Checking for new entry signal.
2025-09-08 19:18:10,063 - TradingBot - INFO - Entry Signal Check (EMA Crossover): HOLD | Current Trend Memory: BULLISH
2025-09-08 19:18:11,073 - TradingBot - INFO - Applying core strategy to 0 bot trade(s).
2025-09-08 19:18:11,073 - TradingBot - INFO - Strategy: Running checks...
2025-09-08 19:18:11,073 - TradingBot - INFO - No open bot trades. Checking for new entry signal.
2025-09-08 19:18:11,073 - TradingBot - INFO - Entry Signal Check (EMA Crossover): HOLD | Current Trend Memory: BULLISH
2025-09-08 19:18:12,084 - TradingBot - INFO - Applying core strategy to 0 bot trade(s).
2025-09-08 19:18:12,084 - TradingBot - INFO - Strategy: Running checks...
2025-09-08 19:18:12,084 - TradingBot - INFO - No open bot trades. Checking for new entry signal.
2025-09-08 19:18:12,084 - TradingBot - INFO - Entry Signal Check (EMA Crossover): HOLD | Current Trend Memory: BULLISH
2025-09-08 19:18:13,096 - TradingBot - INFO - Applying core strategy to 0 bot trade(s).
2025-09-08 19:18:13,096 - TradingBot - INFO - Strategy: Running checks...
2025-09-08 19:18:13,096 - TradingBot - INFO - No open bot trades. Checking for new entry signal.
2025-09-08 19:18:13,096 - TradingBot - INFO - Entry Signal Check (EMA Crossover): HOLD | Current Trend Memory: BULLISH
2025-09-08 19:18:14,105 - TradingBot - INFO - Applying core strategy to 0 bot trade(s).
2025-09-08 19:18:14,105 - TradingBot - INFO - Strategy: Running checks...
2025-09-08 19:18:14,105 - TradingBot - INFO - No open bot trades. Checking for new entry signal.
2025-09-08 19:18:14,105 - TradingBot - INFO - Entry Signal Check (EMA Crossover): HOLD | Current Trend Memory: BULLISH
2025-09-08 19:18:15,118 - TradingBot - INFO - Applying core strategy to 0 bot trade(s).
2025-09-08 19:18:15,118 - TradingBot - INFO - Strategy: Running checks...
2025-09-08 19:18:15,118 - TradingBot - INFO - No open bot trades. Checking for new entry signal.
2025-09-08 19:18:15,118 - TradingBot - INFO - Entry Signal Check (EMA Crossover): HOLD | Current Trend Memory: BULLISH
2025-09-08 19:18:16,130 - TradingBot - INFO - Applying core strategy to 0 bot trade(s).
2025-09-08 19:18:16,130 - TradingBot - INFO - Strategy: Running checks...
2025-09-08 19:18:16,130 - TradingBot - INFO - No open bot trades. Checking for new entry signal.
2025-09-08 19:18:16,130 - TradingBot - INFO - Entry Signal Check (EMA Crossover): HOLD | Current Trend Memory: BULLISH
2025-09-08 19:18:17,141 - TradingBot - INFO - Applying core strategy to 0 bot trade(s).
2025-09-08 19:18:17,141 - TradingBot - INFO - Strategy: Running checks...
2025-09-08 19:18:17,141 - TradingBot - INFO - No open bot trades. Checking for new entry signal.
2025-09-08 19:18:17,141 - TradingBot - INFO - Entry Signal Check (EMA Crossover): HOLD | Current Trend Memory: BULLISH
2025-09-08 19:18:18,152 - TradingBot - INFO - Applying core strategy to 0 bot trade(s).
2025-09-08 19:18:18,152 - TradingBot - INFO - Strategy: Running checks...
2025-09-08 19:18:18,152 - TradingBot - INFO - No open bot trades. Checking for new entry signal.
2025-09-08 19:18:18,152 - TradingBot - INFO - Entry Signal Check (EMA Crossover): HOLD | Current Trend Memory: BULLISH
2025-09-08 19:18:19,228 - TradingBot - INFO - Applying core strategy to 0 bot trade(s).
2025-09-08 19:18:19,228 - TradingBot - INFO - Strategy: Running checks...
2025-09-08 19:18:19,228 - TradingBot - INFO - No open bot trades. Checking for new entry signal.
2025-09-08 19:18:19,228 - TradingBot - INFO - Entry Signal Check (EMA Crossover): HOLD | Current Trend Memory: BULLISH
2025-09-08 19:18:20,241 - TradingBot - INFO - Applying core strategy to 0 bot trade(s).
2025-09-08 19:18:20,241 - TradingBot - INFO - Strategy: Running checks...
2025-09-08 19:18:20,241 - TradingBot - INFO - No open bot trades. Checking for new entry signal.
2025-09-08 19:18:20,241 - TradingBot - INFO - Entry Signal Check (EMA Crossover): HOLD | Current Trend Memory: BULLISH
2025-09-08 19:18:21,253 - TradingBot - INFO - Applying core strategy to 0 bot trade(s).
2025-09-08 19:18:21,253 - TradingBot - INFO - Strategy: Running checks...
2025-09-08 19:18:21,253 - TradingBot - INFO - No open bot trades. Checking for new entry signal.
2025-09-08 19:18:21,253 - TradingBot - INFO - Entry Signal Check (EMA Crossover): HOLD | Current Trend Memory: BULLISH
2025-09-08 19:18:22,273 - TradingBot - INFO - Applying core strategy to 0 bot trade(s).
2025-09-08 19:18:22,273 - TradingBot - INFO - Strategy: Running checks...
2025-09-08 19:18:22,273 - TradingBot - INFO - No open bot trades. Checking for new entry signal.
2025-09-08 19:18:22,273 - TradingBot - INFO - Entry Signal Check (EMA Crossover): HOLD | Current Trend Memory: BULLISH
2025-09-08 19:18:23,285 - TradingBot - INFO - Applying core strategy to 0 bot trade(s).
2025-09-08 19:18:23,285 - TradingBot - INFO - Strategy: Running checks...
2025-09-08 19:18:23,285 - TradingBot - INFO - No open bot trades. Checking for new entry signal.
2025-09-08 19:18:23,301 - TradingBot - INFO - Entry Signal Check (EMA Crossover): HOLD | Current Trend Memory: BULLISH
2025-09-08 19:18:24,305 - TradingBot - INFO - Applying core strategy to 0 bot trade(s).
2025-09-08 19:18:24,305 - TradingBot - INFO - Strategy: Running checks...
2025-09-08 19:18:24,305 - TradingBot - INFO - No open bot trades. Checking for new entry signal.
2025-09-08 19:18:24,305 - TradingBot - INFO - Entry Signal Check (EMA Crossover): HOLD | Current Trend Memory: BULLISH
2025-09-08 19:18:25,315 - TradingBot - INFO - Applying core strategy to 0 bot trade(s).
2025-09-08 19:18:25,315 - TradingBot - INFO - Strategy: Running checks...
2025-09-08 19:18:25,315 - TradingBot - INFO - No open bot trades. Checking for new entry signal.
2025-09-08 19:18:25,315 - TradingBot - INFO - Entry Signal Check (EMA Crossover): HOLD | Current Trend Memory: BULLISH
2025-09-08 19:18:26,325 - TradingBot - INFO - Applying core strategy to 0 bot trade(s).
2025-09-08 19:18:26,325 - TradingBot - INFO - Strategy: Running checks...
2025-09-08 19:18:26,325 - TradingBot - INFO - No open bot trades. Checking for new entry signal.
2025-09-08 19:18:26,325 - TradingBot - INFO - Entry Signal Check (EMA Crossover): HOLD | Current Trend Memory: BULLISH
2025-09-08 19:18:27,336 - TradingBot - INFO - Applying core strategy to 0 bot trade(s).
2025-09-08 19:18:27,336 - TradingBot - INFO - Strategy: Running checks...
2025-09-08 19:18:27,336 - TradingBot - INFO - No open bot trades. Checking for new entry signal.
2025-09-08 19:18:27,336 - TradingBot - INFO - Entry Signal Check (EMA Crossover): HOLD | Current Trend Memory: BULLISH
2025-09-08 19:18:28,352 - TradingBot - INFO - Applying core strategy to 0 bot trade(s).
2025-09-08 19:18:28,352 - TradingBot - INFO - Strategy: Running checks...
2025-09-08 19:18:28,352 - TradingBot - INFO - No open bot trades. Checking for new entry signal.
2025-09-08 19:18:28,352 - TradingBot - INFO - Entry Signal Check (EMA Crossover): HOLD | Current Trend Memory: BULLISH
2025-09-08 19:18:29,362 - TradingBot - INFO - Applying core strategy to 0 bot trade(s).
2025-09-08 19:18:29,362 - TradingBot - INFO - Strategy: Running checks...
2025-09-08 19:18:29,362 - TradingBot - INFO - No open bot trades. Checking for new entry signal.
2025-09-08 19:18:29,362 - TradingBot - INFO - Entry Signal Check (EMA Crossover): HOLD | Current Trend Memory: BULLISH
2025-09-08 19:18:30,376 - TradingBot - INFO - Applying core strategy to 0 bot trade(s).
2025-09-08 19:18:30,376 - TradingBot - INFO - Strategy: Running checks...
2025-09-08 19:18:30,376 - TradingBot - INFO - No open bot trades. Checking for new entry signal.
2025-09-08 19:18:30,376 - TradingBot - INFO - Entry Signal Check (EMA Crossover): HOLD | Current Trend Memory: BULLISH
2025-09-08 19:18:31,391 - TradingBot - INFO - Applying core strategy to 0 bot trade(s).
2025-09-08 19:18:31,391 - TradingBot - INFO - Strategy: Running checks...
2025-09-08 19:18:31,391 - TradingBot - INFO - No open bot trades. Checking for new entry signal.
2025-09-08 19:18:31,391 - TradingBot - INFO - Entry Signal Check (EMA Crossover): HOLD | Current Trend Memory: BULLISH
2025-09-08 19:18:32,404 - TradingBot - INFO - Applying core strategy to 0 bot trade(s).
2025-09-08 19:18:32,404 - TradingBot - INFO - Strategy: Running checks...
2025-09-08 19:18:32,404 - TradingBot - INFO - No open bot trades. Checking for new entry signal.
2025-09-08 19:18:32,404 - TradingBot - INFO - Entry Signal Check (EMA Crossover): HOLD | Current Trend Memory: BULLISH
2025-09-08 19:18:33,419 - TradingBot - INFO - Applying core strategy to 0 bot trade(s).
2025-09-08 19:18:33,419 - TradingBot - INFO - Strategy: Running checks...
2025-09-08 19:18:33,419 - TradingBot - INFO - No open bot trades. Checking for new entry signal.
2025-09-08 19:18:33,435 - TradingBot - INFO - Entry Signal Check (EMA Crossover): HOLD | Current Trend Memory: BULLISH
2025-09-08 19:18:34,438 - TradingBot - INFO - Applying core strategy to 0 bot trade(s).
2025-09-08 19:18:34,438 - TradingBot - INFO - Strategy: Running checks...
2025-09-08 19:18:34,438 - TradingBot - INFO - No open bot trades. Checking for new entry signal.
2025-09-08 19:18:34,438 - TradingBot - INFO - Entry Signal Check (EMA Crossover): HOLD | Current Trend Memory: BULLISH
2025-09-08 19:18:35,452 - TradingBot - INFO - Applying core strategy to 0 bot trade(s).
2025-09-08 19:18:35,452 - TradingBot - INFO - Strategy: Running checks...
2025-09-08 19:18:35,452 - TradingBot - INFO - No open bot trades. Checking for new entry signal.
2025-09-08 19:18:35,452 - TradingBot - INFO - Entry Signal Check (EMA Crossover): HOLD | Current Trend Memory: BULLISH
2025-09-08 19:18:36,464 - TradingBot - INFO - Applying core strategy to 0 bot trade(s).
2025-09-08 19:18:36,464 - TradingBot - INFO - Strategy: Running checks...
2025-09-08 19:18:36,464 - TradingBot - INFO - No open bot trades. Checking for new entry signal.
2025-09-08 19:18:36,464 - TradingBot - INFO - Entry Signal Check (EMA Crossover): HOLD | Current Trend Memory: BULLISH
2025-09-08 19:18:37,478 - TradingBot - INFO - Applying core strategy to 0 bot trade(s).
2025-09-08 19:18:37,478 - TradingBot - INFO - Strategy: Running checks...
2025-09-08 19:18:37,478 - TradingBot - INFO - No open bot trades. Checking for new entry signal.
2025-09-08 19:18:37,478 - TradingBot - INFO - Entry Signal Check (EMA Crossover): HOLD | Current Trend Memory: BULLISH
2025-09-08 19:18:38,494 - TradingBot - INFO - Applying core strategy to 0 bot trade(s).
2025-09-08 19:18:38,494 - TradingBot - INFO - Strategy: Running checks...
2025-09-08 19:18:38,494 - TradingBot - INFO - No open bot trades. Checking for new entry signal.
2025-09-08 19:18:38,494 - TradingBot - INFO - Entry Signal Check (EMA Crossover): HOLD | Current Trend Memory: BULLISH
2025-09-08 19:18:39,504 - TradingBot - INFO - Applying core strategy to 0 bot trade(s).
2025-09-08 19:18:39,504 - TradingBot - INFO - Strategy: Running checks...
2025-09-08 19:18:39,504 - TradingBot - INFO - No open bot trades. Checking for new entry signal.
2025-09-08 19:18:39,504 - TradingBot - INFO - Entry Signal Check (EMA Crossover): HOLD | Current Trend Memory: BULLISH
2025-09-08 19:18:40,515 - TradingBot - INFO - Applying core strategy to 0 bot trade(s).
2025-09-08 19:18:40,515 - TradingBot - INFO - Strategy: Running checks...
2025-09-08 19:18:40,515 - TradingBot - INFO - No open bot trades. Checking for new entry signal.
2025-09-08 19:18:40,515 - TradingBot - INFO - Entry Signal Check (EMA Crossover): HOLD | Current Trend Memory: BULLISH
2025-09-08 19:18:41,527 - TradingBot - INFO - Applying core strategy to 0 bot trade(s).
2025-09-08 19:18:41,527 - TradingBot - INFO - Strategy: Running checks...
2025-09-08 19:18:41,527 - TradingBot - INFO - No open bot trades. Checking for new entry signal.
2025-09-08 19:18:41,527 - TradingBot - INFO - Entry Signal Check (EMA Crossover): HOLD | Current Trend Memory: BULLISH
2025-09-08 19:18:42,541 - TradingBot - INFO - Applying core strategy to 0 bot trade(s).
2025-09-08 19:18:42,541 - TradingBot - INFO - Strategy: Running checks...
2025-09-08 19:18:42,541 - TradingBot - INFO - No open bot trades. Checking for new entry signal.
2025-09-08 19:18:42,541 - TradingBot - INFO - Entry Signal Check (EMA Crossover): HOLD | Current Trend Memory: BULLISH
2025-09-08 19:18:43,551 - TradingBot - INFO - Applying core strategy to 0 bot trade(s).
2025-09-08 19:18:43,551 - TradingBot - INFO - Strategy: Running checks...
2025-09-08 19:18:43,551 - TradingBot - INFO - No open bot trades. Checking for new entry signal.
2025-09-08 19:18:43,551 - TradingBot - INFO - Entry Signal Check (EMA Crossover): HOLD | Current Trend Memory: BULLISH
2025-09-08 19:18:44,565 - TradingBot - INFO - Applying core strategy to 0 bot trade(s).
2025-09-08 19:18:44,565 - TradingBot - INFO - Strategy: Running checks...
2025-09-08 19:18:44,565 - TradingBot - INFO - No open bot trades. Checking for new entry signal.
2025-09-08 19:18:44,565 - TradingBot - INFO - Entry Signal Check (EMA Crossover): HOLD | Current Trend Memory: BULLISH
2025-09-08 19:18:45,574 - TradingBot - INFO - Applying core strategy to 0 bot trade(s).
2025-09-08 19:18:45,574 - TradingBot - INFO - Strategy: Running checks...
2025-09-08 19:18:45,574 - TradingBot - INFO - No open bot trades. Checking for new entry signal.
2025-09-08 19:18:45,574 - TradingBot - INFO - Entry Signal Check (EMA Crossover): HOLD | Current Trend Memory: BULLISH
2025-09-08 19:18:46,586 - TradingBot - INFO - Applying core strategy to 0 bot trade(s).
2025-09-08 19:18:46,586 - TradingBot - INFO - Strategy: Running checks...
2025-09-08 19:18:46,586 - TradingBot - INFO - No open bot trades. Checking for new entry signal.
2025-09-08 19:18:46,586 - TradingBot - INFO - Entry Signal Check (EMA Crossover): HOLD | Current Trend Memory: BULLISH
2025-09-08 19:18:47,597 - TradingBot - INFO - Applying core strategy to 0 bot trade(s).
2025-09-08 19:18:47,597 - TradingBot - INFO - Strategy: Running checks...
2025-09-08 19:18:47,597 - TradingBot - INFO - No open bot trades. Checking for new entry signal.
2025-09-08 19:18:47,613 - TradingBot - INFO - Entry Signal Check (EMA Crossover): HOLD | Current Trend Memory: BULLISH
2025-09-08 19:18:48,640 - TradingBot - INFO - Applying core strategy to 0 bot trade(s).
2025-09-08 19:18:48,644 - TradingBot - INFO - Strategy: Running checks...
2025-09-08 19:18:48,644 - TradingBot - INFO - No open bot trades. Checking for new entry signal.
2025-09-08 19:18:48,644 - TradingBot - INFO - Entry Signal Check (EMA Crossover): HOLD | Current Trend Memory: BULLISH
2025-09-08 19:18:49,658 - TradingBot - INFO - Applying core strategy to 0 bot trade(s).
2025-09-08 19:18:49,658 - TradingBot - INFO - Strategy: Running checks...
2025-09-08 19:18:49,658 - TradingBot - INFO - No open bot trades. Checking for new entry signal.
2025-09-08 19:18:49,658 - TradingBot - INFO - Entry Signal Check (EMA Crossover): HOLD | Current Trend Memory: BULLISH
2025-09-08 19:18:50,668 - TradingBot - INFO - Applying core strategy to 0 bot trade(s).
2025-09-08 19:18:50,668 - TradingBot - INFO - Strategy: Running checks...
2025-09-08 19:18:50,668 - TradingBot - INFO - No open bot trades. Checking for new entry signal.
2025-09-08 19:18:50,668 - TradingBot - INFO - Entry Signal Check (EMA Crossover): HOLD | Current Trend Memory: BULLISH
2025-09-08 19:18:51,683 - TradingBot - INFO - Applying core strategy to 0 bot trade(s).
2025-09-08 19:18:51,683 - TradingBot - INFO - Strategy: Running checks...
2025-09-08 19:18:51,683 - TradingBot - INFO - No open bot trades. Checking for new entry signal.
2025-09-08 19:18:51,683 - TradingBot - INFO - Entry Signal Check (EMA Crossover): HOLD | Current Trend Memory: BULLISH
2025-09-08 19:18:52,697 - TradingBot - INFO - Applying core strategy to 0 bot trade(s).
2025-09-08 19:18:52,697 - TradingBot - INFO - Strategy: Running checks...
2025-09-08 19:18:52,697 - TradingBot - INFO - No open bot trades. Checking for new entry signal.
2025-09-08 19:18:52,697 - TradingBot - INFO - Entry Signal Check (EMA Crossover): HOLD | Current Trend Memory: BULLISH
2025-09-08 19:18:53,710 - TradingBot - INFO - Applying core strategy to 0 bot trade(s).
2025-09-08 19:18:53,710 - TradingBot - INFO - Strategy: Running checks...
2025-09-08 19:18:53,710 - TradingBot - INFO - No open bot trades. Checking for new entry signal.
2025-09-08 19:18:53,710 - TradingBot - INFO - Entry Signal Check (EMA Crossover): HOLD | Current Trend Memory: BULLISH
2025-09-08 19:18:54,723 - TradingBot - INFO - Applying core strategy to 0 bot trade(s).
2025-09-08 19:18:54,723 - TradingBot - INFO - Strategy: Running checks...
2025-09-08 19:18:54,723 - TradingBot - INFO - No open bot trades. Checking for new entry signal.
2025-09-08 19:18:54,723 - TradingBot - INFO - Entry Signal Check (EMA Crossover): HOLD | Current Trend Memory: BULLISH
2025-09-08 19:18:55,737 - TradingBot - INFO - Applying core strategy to 0 bot trade(s).
2025-09-08 19:18:55,737 - TradingBot - INFO - Strategy: Running checks...
2025-09-08 19:18:55,737 - TradingBot - INFO - No open bot trades. Checking for new entry signal.
2025-09-08 19:18:55,737 - TradingBot - INFO - Entry Signal Check (EMA Crossover): HOLD | Current Trend Memory: BULLISH
2025-09-08 19:18:56,749 - TradingBot - INFO - Applying core strategy to 0 bot trade(s).
2025-09-08 19:18:56,749 - TradingBot - INFO - Strategy: Running checks...
2025-09-08 19:18:56,749 - TradingBot - INFO - No open bot trades. Checking for new entry signal.
2025-09-08 19:18:56,749 - TradingBot - INFO - Entry Signal Check (EMA Crossover): HOLD | Current Trend Memory: BULLISH
2025-09-08 19:18:57,762 - TradingBot - INFO - Applying core strategy to 0 bot trade(s).
2025-09-08 19:18:57,762 - TradingBot - INFO - Strategy: Running checks...
2025-09-08 19:18:57,762 - TradingBot - INFO - No open bot trades. Checking for new entry signal.
2025-09-08 19:18:57,762 - TradingBot - INFO - Entry Signal Check (EMA Crossover): HOLD | Current Trend Memory: BULLISH
2025-09-08 19:18:58,774 - TradingBot - INFO - Applying core strategy to 0 bot trade(s).
2025-09-08 19:18:58,774 - TradingBot - INFO - Strategy: Running checks...
2025-09-08 19:18:58,774 - TradingBot - INFO - No open bot trades. Checking for new entry signal.
2025-09-08 19:18:58,774 - TradingBot - INFO - Entry Signal Check (EMA Crossover): HOLD | Current Trend Memory: BULLISH
2025-09-08 19:18:59,787 - TradingBot - INFO - Applying core strategy to 0 bot trade(s).
2025-09-08 19:18:59,787 - TradingBot - INFO - Strategy: Running checks...
2025-09-08 19:18:59,787 - TradingBot - INFO - No open bot trades. Checking for new entry signal.
2025-09-08 19:18:59,787 - TradingBot - INFO - Entry Signal Check (EMA Crossover): HOLD | Current Trend Memory: BULLISH
2025-09-08 19:19:00,802 - TradingBot - INFO - Applying core strategy to 0 bot trade(s).
2025-09-08 19:19:00,802 - TradingBot - INFO - Strategy: Running checks...
2025-09-08 19:19:00,802 - TradingBot - INFO - No open bot trades. Checking for new entry signal.
2025-09-08 19:19:00,802 - TradingBot - INFO - Entry Signal Check (EMA Crossover): HOLD | Current Trend Memory: BULLISH
2025-09-08 19:19:01,815 - TradingBot - INFO - Applying core strategy to 0 bot trade(s).
2025-09-08 19:19:01,815 - TradingBot - INFO - Strategy: Running checks...
2025-09-08 19:19:01,815 - TradingBot - INFO - No open bot trades. Checking for new entry signal.
2025-09-08 19:19:01,815 - TradingBot - INFO - Entry Signal Check (EMA Crossover): HOLD | Current Trend Memory: BULLISH
2025-09-08 19:19:02,826 - TradingBot - INFO - Applying core strategy to 0 bot trade(s).
2025-09-08 19:19:02,826 - TradingBot - INFO - Strategy: Running checks...
2025-09-08 19:19:02,826 - TradingBot - INFO - No open bot trades. Checking for new entry signal.
2025-09-08 19:19:02,842 - TradingBot - INFO - Entry Signal Check (EMA Crossover): HOLD | Current Trend Memory: BULLISH
2025-09-08 19:19:03,848 - TradingBot - INFO - Applying core strategy to 0 bot trade(s).
2025-09-08 19:19:03,848 - TradingBot - INFO - Strategy: Running checks...
2025-09-08 19:19:03,848 - TradingBot - INFO - No open bot trades. Checking for new entry signal.
2025-09-08 19:19:03,848 - TradingBot - INFO - Entry Signal Check (EMA Crossover): HOLD | Current Trend Memory: BULLISH
2025-09-08 19:19:04,862 - TradingBot - INFO - Applying core strategy to 0 bot trade(s).
2025-09-08 19:19:04,862 - TradingBot - INFO - Strategy: Running checks...
2025-09-08 19:19:04,862 - TradingBot - INFO - No open bot trades. Checking for new entry signal.
2025-09-08 19:19:04,862 - TradingBot - INFO - Entry Signal Check (EMA Crossover): HOLD | Current Trend Memory: BULLISH
2025-09-08 19:19:05,872 - TradingBot - INFO - Applying core strategy to 0 bot trade(s).
2025-09-08 19:19:05,872 - TradingBot - INFO - Strategy: Running checks...
2025-09-08 19:19:05,872 - TradingBot - INFO - No open bot trades. Checking for new entry signal.
2025-09-08 19:19:05,888 - TradingBot - INFO - Entry Signal Check (EMA Crossover): HOLD | Current Trend Memory: BULLISH
2025-09-08 19:19:06,890 - TradingBot - INFO - Applying core strategy to 0 bot trade(s).
2025-09-08 19:19:06,890 - TradingBot - INFO - Strategy: Running checks...
2025-09-08 19:19:06,890 - TradingBot - INFO - No open bot trades. Checking for new entry signal.
2025-09-08 19:19:06,890 - TradingBot - INFO - Entry Signal Check (EMA Crossover): HOLD | Current Trend Memory: BULLISH
2025-09-08 19:19:07,902 - TradingBot - INFO - Applying core strategy to 0 bot trade(s).
2025-09-08 19:19:07,902 - TradingBot - INFO - Strategy: Running checks...
2025-09-08 19:19:07,902 - TradingBot - INFO - No open bot trades. Checking for new entry signal.
2025-09-08 19:19:07,902 - TradingBot - INFO - Entry Signal Check (EMA Crossover): HOLD | Current Trend Memory: BULLISH
2025-09-08 19:19:08,912 - TradingBot - INFO - Applying core strategy to 0 bot trade(s).
2025-09-08 19:19:08,912 - TradingBot - INFO - Strategy: Running checks...
2025-09-08 19:19:08,912 - TradingBot - INFO - No open bot trades. Checking for new entry signal.
2025-09-08 19:19:08,912 - TradingBot - INFO - Entry Signal Check (EMA Crossover): HOLD | Current Trend Memory: BULLISH
2025-09-08 19:19:09,923 - TradingBot - INFO - Applying core strategy to 0 bot trade(s).
2025-09-08 19:19:09,923 - TradingBot - INFO - Strategy: Running checks...
2025-09-08 19:19:09,923 - TradingBot - INFO - No open bot trades. Checking for new entry signal.
2025-09-08 19:19:09,923 - TradingBot - INFO - Entry Signal Check (EMA Crossover): HOLD | Current Trend Memory: BULLISH
2025-09-08 19:19:10,934 - TradingBot - INFO - Applying core strategy to 0 bot trade(s).
2025-09-08 19:19:10,934 - TradingBot - INFO - Strategy: Running checks...
2025-09-08 19:19:10,934 - TradingBot - INFO - No open bot trades. Checking for new entry signal.
2025-09-08 19:19:10,934 - TradingBot - INFO - Entry Signal Check (EMA Crossover): HOLD | Current Trend Memory: BULLISH
2025-09-08 19:19:11,947 - TradingBot - INFO - Applying core strategy to 0 bot trade(s).
2025-09-08 19:19:11,947 - TradingBot - INFO - Strategy: Running checks...
2025-09-08 19:19:11,947 - TradingBot - INFO - No open bot trades. Checking for new entry signal.
2025-09-08 19:19:11,947 - TradingBot - INFO - Entry Signal Check (EMA Crossover): HOLD | Current Trend Memory: BULLISH
2025-09-08 19:19:12,959 - TradingBot - INFO - Applying core strategy to 0 bot trade(s).
2025-09-08 19:19:12,959 - TradingBot - INFO - Strategy: Running checks...
2025-09-08 19:19:12,959 - TradingBot - INFO - No open bot trades. Checking for new entry signal.
2025-09-08 19:19:12,959 - TradingBot - INFO - Entry Signal Check (EMA Crossover): HOLD | Current Trend Memory: BULLISH
2025-09-08 19:19:13,973 - TradingBot - INFO - Applying core strategy to 0 bot trade(s).
2025-09-08 19:19:13,973 - TradingBot - INFO - Strategy: Running checks...
2025-09-08 19:19:13,973 - TradingBot - INFO - No open bot trades. Checking for new entry signal.
2025-09-08 19:19:13,989 - TradingBot - INFO - Entry Signal Check (EMA Crossover): HOLD | Current Trend Memory: BULLISH
2025-09-08 19:19:14,992 - TradingBot - INFO - Applying core strategy to 0 bot trade(s).
2025-09-08 19:19:14,992 - TradingBot - INFO - Strategy: Running checks...
2025-09-08 19:19:14,992 - TradingBot - INFO - No open bot trades. Checking for new entry signal.
2025-09-08 19:19:14,992 - TradingBot - INFO - Entry Signal Check (EMA Crossover): HOLD | Current Trend Memory: BULLISH
2025-09-08 19:19:16,005 - TradingBot - INFO - Applying core strategy to 0 bot trade(s).
2025-09-08 19:19:16,005 - TradingBot - INFO - Strategy: Running checks...
2025-09-08 19:19:16,005 - TradingBot - INFO - No open bot trades. Checking for new entry signal.
2025-09-08 19:19:16,005 - TradingBot - INFO - Entry Signal Check (EMA Crossover): HOLD | Current Trend Memory: BULLISH
2025-09-08 19:19:17,017 - TradingBot - INFO - Applying core strategy to 0 bot trade(s).
2025-09-08 19:19:17,017 - TradingBot - INFO - Strategy: Running checks...
2025-09-08 19:19:17,017 - TradingBot - INFO - No open bot trades. Checking for new entry signal.
2025-09-08 19:19:17,017 - TradingBot - INFO - Entry Signal Check (EMA Crossover): HOLD | Current Trend Memory: BULLISH
2025-09-08 19:19:18,033 - TradingBot - INFO - Applying core strategy to 0 bot trade(s).
2025-09-08 19:19:18,033 - TradingBot - INFO - Strategy: Running checks...
2025-09-08 19:19:18,033 - TradingBot - INFO - No open bot trades. Checking for new entry signal.
2025-09-08 19:19:18,033 - TradingBot - INFO - Entry Signal Check (EMA Crossover): HOLD | Current Trend Memory: BULLISH
2025-09-08 19:19:19,046 - TradingBot - INFO - Applying core strategy to 0 bot trade(s).
2025-09-08 19:19:19,046 - TradingBot - INFO - Strategy: Running checks...
2025-09-08 19:19:19,046 - TradingBot - INFO - No open bot trades. Checking for new entry signal.
2025-09-08 19:19:19,046 - TradingBot - INFO - Entry Signal Check (EMA Crossover): HOLD | Current Trend Memory: BULLISH
2025-09-08 19:19:20,058 - TradingBot - INFO - Applying core strategy to 0 bot trade(s).
2025-09-08 19:19:20,058 - TradingBot - INFO - Strategy: Running checks...
2025-09-08 19:19:20,058 - TradingBot - INFO - No open bot trades. Checking for new entry signal.
2025-09-08 19:19:20,058 - TradingBot - INFO - Entry Signal Check (EMA Crossover): HOLD | Current Trend Memory: BULLISH
2025-09-08 19:19:21,072 - TradingBot - INFO - Applying core strategy to 0 bot trade(s).
2025-09-08 19:19:21,072 - TradingBot - INFO - Strategy: Running checks...
2025-09-08 19:19:21,072 - TradingBot - INFO - No open bot trades. Checking for new entry signal.
2025-09-08 19:19:21,072 - TradingBot - INFO - Entry Signal Check (EMA Crossover): HOLD | Current Trend Memory: BULLISH
2025-09-08 19:19:22,083 - TradingBot - INFO - Applying core strategy to 0 bot trade(s).
2025-09-08 19:19:22,083 - TradingBot - INFO - Strategy: Running checks...
2025-09-08 19:19:22,083 - TradingBot - INFO - No open bot trades. Checking for new entry signal.
2025-09-08 19:19:22,083 - TradingBot - INFO - Entry Signal Check (EMA Crossover): HOLD | Current Trend Memory: BULLISH
2025-09-08 19:19:23,094 - TradingBot - INFO - Applying core strategy to 0 bot trade(s).
2025-09-08 19:19:23,094 - TradingBot - INFO - Strategy: Running checks...
2025-09-08 19:19:23,094 - TradingBot - INFO - No open bot trades. Checking for new entry signal.
2025-09-08 19:19:23,094 - TradingBot - INFO - Entry Signal Check (EMA Crossover): HOLD | Current Trend Memory: BULLISH
2025-09-08 19:19:24,104 - TradingBot - INFO - Applying core strategy to 0 bot trade(s).
2025-09-08 19:19:24,104 - TradingBot - INFO - Strategy: Running checks...
2025-09-08 19:19:24,104 - TradingBot - INFO - No open bot trades. Checking for new entry signal.
2025-09-08 19:19:24,104 - TradingBot - INFO - Entry Signal Check (EMA Crossover): HOLD | Current Trend Memory: BULLISH
2025-09-08 19:19:25,115 - TradingBot - INFO - Applying core strategy to 0 bot trade(s).
2025-09-08 19:19:25,115 - TradingBot - INFO - Strategy: Running checks...
2025-09-08 19:19:25,115 - TradingBot - INFO - No open bot trades. Checking for new entry signal.
2025-09-08 19:19:25,115 - TradingBot - INFO - Entry Signal Check (EMA Crossover): HOLD | Current Trend Memory: BULLISH
2025-09-08 19:19:26,128 - TradingBot - INFO - Applying core strategy to 0 bot trade(s).
2025-09-08 19:19:26,128 - TradingBot - INFO - Strategy: Running checks...
2025-09-08 19:19:26,128 - TradingBot - INFO - No open bot trades. Checking for new entry signal.
2025-09-08 19:19:26,128 - TradingBot - INFO - Entry Signal Check (EMA Crossover): HOLD | Current Trend Memory: BULLISH
2025-09-08 19:19:27,138 - TradingBot - INFO - Applying core strategy to 0 bot trade(s).
2025-09-08 19:19:27,138 - TradingBot - INFO - Strategy: Running checks...
2025-09-08 19:19:27,138 - TradingBot - INFO - No open bot trades. Checking for new entry signal.
2025-09-08 19:19:27,154 - TradingBot - INFO - Entry Signal Check (EMA Crossover): HOLD | Current Trend Memory: BULLISH
2025-09-08 19:19:28,169 - TradingBot - INFO - Applying core strategy to 0 bot trade(s).
2025-09-08 19:19:28,169 - TradingBot - INFO - Strategy: Running checks...
2025-09-08 19:19:28,169 - TradingBot - INFO - No open bot trades. Checking for new entry signal.
2025-09-08 19:19:28,169 - TradingBot - INFO - Entry Signal Check (EMA Crossover): HOLD | Current Trend Memory: BULLISH
2025-09-08 19:19:29,182 - TradingBot - INFO - Applying core strategy to 0 bot trade(s).
2025-09-08 19:19:29,182 - TradingBot - INFO - Strategy: Running checks...
2025-09-08 19:19:29,182 - TradingBot - INFO - No open bot trades. Checking for new entry signal.
2025-09-08 19:19:29,182 - TradingBot - INFO - Entry Signal Check (EMA Crossover): HOLD | Current Trend Memory: BULLISH
2025-09-08 19:19:30,194 - TradingBot - INFO - Applying core strategy to 0 bot trade(s).
2025-09-08 19:19:30,194 - TradingBot - INFO - Strategy: Running checks...
2025-09-08 19:19:30,194 - TradingBot - INFO - No open bot trades. Checking for new entry signal.
2025-09-08 19:19:30,210 - TradingBot - INFO - Entry Signal Check (EMA Crossover): HOLD | Current Trend Memory: BULLISH
2025-09-08 19:19:31,212 - TradingBot - INFO - Applying core strategy to 0 bot trade(s).
2025-09-08 19:19:31,212 - TradingBot - INFO - Strategy: Running checks...
2025-09-08 19:19:31,212 - TradingBot - INFO - No open bot trades. Checking for new entry signal.
2025-09-08 19:19:31,212 - TradingBot - INFO - Entry Signal Check (EMA Crossover): HOLD | Current Trend Memory: BULLISH
2025-09-08 19:19:32,223 - TradingBot - INFO - Applying core strategy to 0 bot trade(s).
2025-09-08 19:19:32,223 - TradingBot - INFO - Strategy: Running checks...
2025-09-08 19:19:32,223 - TradingBot - INFO - No open bot trades. Checking for new entry signal.
2025-09-08 19:19:32,223 - TradingBot - INFO - Entry Signal Check (EMA Crossover): HOLD | Current Trend Memory: BULLISH
2025-09-08 19:19:33,235 - TradingBot - INFO - Applying core strategy to 0 bot trade(s).
2025-09-08 19:19:33,235 - TradingBot - INFO - Strategy: Running checks...
2025-09-08 19:19:33,235 - TradingBot - INFO - No open bot trades. Checking for new entry signal.
2025-09-08 19:19:33,235 - TradingBot - INFO - Entry Signal Check (EMA Crossover): HOLD | Current Trend Memory: BULLISH
2025-09-08 19:19:34,245 - TradingBot - INFO - Applying core strategy to 0 bot trade(s).
2025-09-08 19:19:34,245 - TradingBot - INFO - Strategy: Running checks...
2025-09-08 19:19:34,245 - TradingBot - INFO - No open bot trades. Checking for new entry signal.
2025-09-08 19:19:34,245 - TradingBot - INFO - Entry Signal Check (EMA Crossover): HOLD | Current Trend Memory: BULLISH
2025-09-08 19:19:35,261 - TradingBot - INFO - Applying core strategy to 0 bot trade(s).
2025-09-08 19:19:35,261 - TradingBot - INFO - Strategy: Running checks...
2025-09-08 19:19:35,261 - TradingBot - INFO - No open bot trades. Checking for new entry signal.
2025-09-08 19:19:35,277 - TradingBot - INFO - Entry Signal Check (EMA Crossover): HOLD | Current Trend Memory: BULLISH
2025-09-08 19:19:36,289 - TradingBot - INFO - Applying core strategy to 0 bot trade(s).
2025-09-08 19:19:36,289 - TradingBot - INFO - Strategy: Running checks...
2025-09-08 19:19:36,289 - TradingBot - INFO - No open bot trades. Checking for new entry signal.
2025-09-08 19:19:36,289 - TradingBot - INFO - Entry Signal Check (EMA Crossover): HOLD | Current Trend Memory: BULLISH
2025-09-08 19:19:37,306 - TradingBot - INFO - Applying core strategy to 0 bot trade(s).
2025-09-08 19:19:37,306 - TradingBot - INFO - Strategy: Running checks...
2025-09-08 19:19:37,306 - TradingBot - INFO - No open bot trades. Checking for new entry signal.
2025-09-08 19:19:37,306 - TradingBot - INFO - Entry Signal Check (EMA Crossover): HOLD | Current Trend Memory: BULLISH
2025-09-08 19:19:38,321 - TradingBot - INFO - Applying core strategy to 0 bot trade(s).
2025-09-08 19:19:38,321 - TradingBot - INFO - Strategy: Running checks...
2025-09-08 19:19:38,321 - TradingBot - INFO - No open bot trades. Checking for new entry signal.
2025-09-08 19:19:38,321 - TradingBot - INFO - Entry Signal Check (EMA Crossover): HOLD | Current Trend Memory: BULLISH
2025-09-08 19:19:39,335 - TradingBot - INFO - Applying core strategy to 0 bot trade(s).
2025-09-08 19:19:39,335 - TradingBot - INFO - Strategy: Running checks...
2025-09-08 19:19:39,335 - TradingBot - INFO - No open bot trades. Checking for new entry signal.
2025-09-08 19:19:39,335 - TradingBot - INFO - Entry Signal Check (EMA Crossover): HOLD | Current Trend Memory: BULLISH
2025-09-08 19:19:40,348 - TradingBot - INFO - Applying core strategy to 0 bot trade(s).
2025-09-08 19:19:40,348 - TradingBot - INFO - Strategy: Running checks...
2025-09-08 19:19:40,348 - TradingBot - INFO - No open bot trades. Checking for new entry signal.
2025-09-08 19:19:40,348 - TradingBot - INFO - Entry Signal Check (EMA Crossover): HOLD | Current Trend Memory: BULLISH
2025-09-08 19:19:41,358 - TradingBot - INFO - Applying core strategy to 0 bot trade(s).
2025-09-08 19:19:41,358 - TradingBot - INFO - Strategy: Running checks...
2025-09-08 19:19:41,358 - TradingBot - INFO - No open bot trades. Checking for new entry signal.
2025-09-08 19:19:41,358 - TradingBot - INFO - Entry Signal Check (EMA Crossover): HOLD | Current Trend Memory: BULLISH
2025-09-08 19:19:42,374 - TradingBot - INFO - Applying core strategy to 0 bot trade(s).
2025-09-08 19:19:42,374 - TradingBot - INFO - Strategy: Running checks...
2025-09-08 19:19:42,374 - TradingBot - INFO - No open bot trades. Checking for new entry signal.
2025-09-08 19:19:42,374 - TradingBot - INFO - Entry Signal Check (EMA Crossover): HOLD | Current Trend Memory: BULLISH
2025-09-08 19:19:43,385 - TradingBot - INFO - Applying core strategy to 0 bot trade(s).
2025-09-08 19:19:43,385 - TradingBot - INFO - Strategy: Running checks...
2025-09-08 19:19:43,385 - TradingBot - INFO - No open bot trades. Checking for new entry signal.
2025-09-08 19:19:43,385 - TradingBot - INFO - Entry Signal Check (EMA Crossover): HOLD | Current Trend Memory: BULLISH
2025-09-08 19:19:44,396 - TradingBot - INFO - Applying core strategy to 0 bot trade(s).
2025-09-08 19:19:44,396 - TradingBot - INFO - Strategy: Running checks...
2025-09-08 19:19:44,396 - TradingBot - INFO - No open bot trades. Checking for new entry signal.
2025-09-08 19:19:44,396 - TradingBot - INFO - Entry Signal Check (EMA Crossover): HOLD | Current Trend Memory: BULLISH
2025-09-08 19:19:45,408 - TradingBot - INFO - Applying core strategy to 0 bot trade(s).
2025-09-08 19:19:45,408 - TradingBot - INFO - Strategy: Running checks...
2025-09-08 19:19:45,408 - TradingBot - INFO - No open bot trades. Checking for new entry signal.
2025-09-08 19:19:45,408 - TradingBot - INFO - Entry Signal Check (EMA Crossover): HOLD | Current Trend Memory: BULLISH
2025-09-08 19:19:46,423 - TradingBot - INFO - Applying core strategy to 0 bot trade(s).
2025-09-08 19:19:46,423 - TradingBot - INFO - Strategy: Running checks...
2025-09-08 19:19:46,423 - TradingBot - INFO - No open bot trades. Checking for new entry signal.
2025-09-08 19:19:46,423 - TradingBot - INFO - Entry Signal Check (EMA Crossover): HOLD | Current Trend Memory: BULLISH
2025-09-08 19:19:47,437 - TradingBot - INFO - Applying core strategy to 0 bot trade(s).
2025-09-08 19:19:47,437 - TradingBot - INFO - Strategy: Running checks...
2025-09-08 19:19:47,437 - TradingBot - INFO - No open bot trades. Checking for new entry signal.
2025-09-08 19:19:47,437 - TradingBot - INFO - Entry Signal Check (EMA Crossover): HOLD | Current Trend Memory: BULLISH
2025-09-08 19:19:48,449 - TradingBot - INFO - Applying core strategy to 0 bot trade(s).
2025-09-08 19:19:48,449 - TradingBot - INFO - Strategy: Running checks...
2025-09-08 19:19:48,449 - TradingBot - INFO - No open bot trades. Checking for new entry signal.
2025-09-08 19:19:48,449 - TradingBot - INFO - Entry Signal Check (EMA Crossover): HOLD | Current Trend Memory: BULLISH
2025-09-08 19:19:49,460 - TradingBot - INFO - Applying core strategy to 0 bot trade(s).
2025-09-08 19:19:49,460 - TradingBot - INFO - Strategy: Running checks...
2025-09-08 19:19:49,460 - TradingBot - INFO - No open bot trades. Checking for new entry signal.
2025-09-08 19:19:49,460 - TradingBot - INFO - Entry Signal Check (EMA Crossover): HOLD | Current Trend Memory: BULLISH
2025-09-08 19:19:50,472 - TradingBot - INFO - Applying core strategy to 0 bot trade(s).
2025-09-08 19:19:50,472 - TradingBot - INFO - Strategy: Running checks...
2025-09-08 19:19:50,472 - TradingBot - INFO - No open bot trades. Checking for new entry signal.
2025-09-08 19:19:50,472 - TradingBot - INFO - Entry Signal Check (EMA Crossover): HOLD | Current Trend Memory: BULLISH
2025-09-08 19:19:51,485 - TradingBot - INFO - Applying core strategy to 0 bot trade(s).
2025-09-08 19:19:51,485 - TradingBot - INFO - Strategy: Running checks...
2025-09-08 19:19:51,485 - TradingBot - INFO - No open bot trades. Checking for new entry signal.
2025-09-08 19:19:51,485 - TradingBot - INFO - Entry Signal Check (EMA Crossover): HOLD | Current Trend Memory: BULLISH
2025-09-08 19:19:52,500 - TradingBot - INFO - Applying core strategy to 0 bot trade(s).
2025-09-08 19:19:52,500 - TradingBot - INFO - Strategy: Running checks...
2025-09-08 19:19:52,500 - TradingBot - INFO - No open bot trades. Checking for new entry signal.
2025-09-08 19:19:52,500 - TradingBot - INFO - Entry Signal Check (EMA Crossover): HOLD | Current Trend Memory: BULLISH
2025-09-08 19:19:53,511 - TradingBot - INFO - Applying core strategy to 0 bot trade(s).
2025-09-08 19:19:53,511 - TradingBot - INFO - Strategy: Running checks...
2025-09-08 19:19:53,511 - TradingBot - INFO - No open bot trades. Checking for new entry signal.
2025-09-08 19:19:53,511 - TradingBot - INFO - Entry Signal Check (EMA Crossover): HOLD | Current Trend Memory: BULLISH
2025-09-08 19:19:54,523 - TradingBot - INFO - Applying core strategy to 0 bot trade(s).
2025-09-08 19:19:54,523 - TradingBot - INFO - Strategy: Running checks...
2025-09-08 19:19:54,523 - TradingBot - INFO - No open bot trades. Checking for new entry signal.
2025-09-08 19:19:54,523 - TradingBot - INFO - Entry Signal Check (EMA Crossover): HOLD | Current Trend Memory: BULLISH
2025-09-08 19:19:55,536 - TradingBot - INFO - Applying core strategy to 0 bot trade(s).
2025-09-08 19:19:55,536 - TradingBot - INFO - Strategy: Running checks...
2025-09-08 19:19:55,536 - TradingBot - INFO - No open bot trades. Checking for new entry signal.
2025-09-08 19:19:55,552 - TradingBot - INFO - Entry Signal Check (EMA Crossover): HOLD | Current Trend Memory: BULLISH
2025-09-08 19:19:56,556 - TradingBot - INFO - Applying core strategy to 0 bot trade(s).
2025-09-08 19:19:56,556 - TradingBot - INFO - Strategy: Running checks...
2025-09-08 19:19:56,556 - TradingBot - INFO - No open bot trades. Checking for new entry signal.
2025-09-08 19:19:56,556 - TradingBot - INFO - Entry Signal Check (EMA Crossover): HOLD | Current Trend Memory: BULLISH
2025-09-08 19:19:57,568 - TradingBot - INFO - Applying core strategy to 0 bot trade(s).
2025-09-08 19:19:57,568 - TradingBot - INFO - Strategy: Running checks...
2025-09-08 19:19:57,568 - TradingBot - INFO - No open bot trades. Checking for new entry signal.
2025-09-08 19:19:57,568 - TradingBot - INFO - Entry Signal Check (EMA Crossover): HOLD | Current Trend Memory: BULLISH
2025-09-08 19:19:58,581 - TradingBot - INFO - Applying core strategy to 0 bot trade(s).
2025-09-08 19:19:58,581 - TradingBot - INFO - Strategy: Running checks...
2025-09-08 19:19:58,581 - TradingBot - INFO - No open bot trades. Checking for new entry signal.
2025-09-08 19:19:58,581 - TradingBot - INFO - Entry Signal Check (EMA Crossover): HOLD | Current Trend Memory: BULLISH
2025-09-08 19:19:59,592 - TradingBot - INFO - Applying core strategy to 0 bot trade(s).
2025-09-08 19:19:59,592 - TradingBot - INFO - Strategy: Running checks...
2025-09-08 19:19:59,592 - TradingBot - INFO - No open bot trades. Checking for new entry signal.
2025-09-08 19:19:59,592 - TradingBot - INFO - Entry Signal Check (EMA Crossover): HOLD | Current Trend Memory: BULLISH
2025-09-08 19:20:00,608 - TradingBot - INFO - Applying core strategy to 0 bot trade(s).
2025-09-08 19:20:00,608 - TradingBot - INFO - Strategy: Running checks...
2025-09-08 19:20:00,608 - TradingBot - INFO - No open bot trades. Checking for new entry signal.
2025-09-08 19:20:00,608 - TradingBot - INFO - Entry Signal Check (EMA Crossover): HOLD | Current Trend Memory: BULLISH
2025-09-08 19:20:01,620 - TradingBot - INFO - Applying core strategy to 0 bot trade(s).
2025-09-08 19:20:01,620 - TradingBot - INFO - Strategy: Running checks...
2025-09-08 19:20:01,620 - TradingBot - INFO - No open bot trades. Checking for new entry signal.
2025-09-08 19:20:01,636 - TradingBot - INFO - Entry Signal Check (EMA Crossover): HOLD | Current Trend Memory: BULLISH
2025-09-08 19:20:02,645 - TradingBot - INFO - Applying core strategy to 0 bot trade(s).
2025-09-08 19:20:02,645 - TradingBot - INFO - Strategy: Running checks...
2025-09-08 19:20:02,645 - TradingBot - INFO - No open bot trades. Checking for new entry signal.
2025-09-08 19:20:02,645 - TradingBot - INFO - Entry Signal Check (EMA Crossover): HOLD | Current Trend Memory: BULLISH
2025-09-08 19:20:03,662 - TradingBot - INFO - Applying core strategy to 0 bot trade(s).
2025-09-08 19:20:03,662 - TradingBot - INFO - Strategy: Running checks...
2025-09-08 19:20:03,662 - TradingBot - INFO - No open bot trades. Checking for new entry signal.
2025-09-08 19:20:03,678 - TradingBot - INFO - Entry Signal Check (EMA Crossover): HOLD | Current Trend Memory: BULLISH
2025-09-08 19:20:04,691 - TradingBot - INFO - Applying core strategy to 0 bot trade(s).
2025-09-08 19:20:04,691 - TradingBot - INFO - Strategy: Running checks...
2025-09-08 19:20:04,691 - TradingBot - INFO - No open bot trades. Checking for new entry signal.
2025-09-08 19:20:04,691 - TradingBot - INFO - Entry Signal Check (EMA Crossover): HOLD | Current Trend Memory: BULLISH
2025-09-08 19:20:05,707 - TradingBot - INFO - Applying core strategy to 0 bot trade(s).
2025-09-08 19:20:05,707 - TradingBot - INFO - Strategy: Running checks...
2025-09-08 19:20:05,707 - TradingBot - INFO - No open bot trades. Checking for new entry signal.
2025-09-08 19:20:05,707 - TradingBot - INFO - Entry Signal Check (EMA Crossover): HOLD | Current Trend Memory: BULLISH
2025-09-08 19:20:06,720 - TradingBot - INFO - Applying core strategy to 0 bot trade(s).
2025-09-08 19:20:06,720 - TradingBot - INFO - Strategy: Running checks...
2025-09-08 19:20:06,720 - TradingBot - INFO - No open bot trades. Checking for new entry signal.
2025-09-08 19:20:06,720 - TradingBot - INFO - Entry Signal Check (EMA Crossover): HOLD | Current Trend Memory: BULLISH
2025-09-08 19:20:07,731 - TradingBot - INFO - Applying core strategy to 0 bot trade(s).
2025-09-08 19:20:07,731 - TradingBot - INFO - Strategy: Running checks...
2025-09-08 19:20:07,731 - TradingBot - INFO - No open bot trades. Checking for new entry signal.
2025-09-08 19:20:07,731 - TradingBot - INFO - Entry Signal Check (EMA Crossover): HOLD | Current Trend Memory: BULLISH
2025-09-08 19:20:08,742 - TradingBot - INFO - Applying core strategy to 0 bot trade(s).
2025-09-08 19:20:08,742 - TradingBot - INFO - Strategy: Running checks...
2025-09-08 19:20:08,742 - TradingBot - INFO - No open bot trades. Checking for new entry signal.
2025-09-08 19:20:08,742 - TradingBot - INFO - Entry Signal Check (EMA Crossover): HOLD | Current Trend Memory: BULLISH
2025-09-08 19:20:09,755 - TradingBot - INFO - Applying core strategy to 0 bot trade(s).
2025-09-08 19:20:09,755 - TradingBot - INFO - Strategy: Running checks...
2025-09-08 19:20:09,755 - TradingBot - INFO - No open bot trades. Checking for new entry signal.
2025-09-08 19:20:09,755 - TradingBot - INFO - Entry Signal Check (EMA Crossover): HOLD | Current Trend Memory: BULLISH
2025-09-08 19:20:10,768 - TradingBot - INFO - Applying core strategy to 0 bot trade(s).
2025-09-08 19:20:10,768 - TradingBot - INFO - Strategy: Running checks...
2025-09-08 19:20:10,768 - TradingBot - INFO - No open bot trades. Checking for new entry signal.
2025-09-08 19:20:10,768 - TradingBot - INFO - Entry Signal Check (EMA Crossover): HOLD | Current Trend Memory: BULLISH
2025-09-08 19:20:11,782 - TradingBot - INFO - Applying core strategy to 0 bot trade(s).
2025-09-08 19:20:11,782 - TradingBot - INFO - Strategy: Running checks...
2025-09-08 19:20:11,782 - TradingBot - INFO - No open bot trades. Checking for new entry signal.
2025-09-08 19:20:11,782 - TradingBot - INFO - Entry Signal Check (EMA Crossover): HOLD | Current Trend Memory: BULLISH
2025-09-08 19:20:12,796 - TradingBot - INFO - Applying core strategy to 0 bot trade(s).
2025-09-08 19:20:12,796 - TradingBot - INFO - Strategy: Running checks...
2025-09-08 19:20:12,796 - TradingBot - INFO - No open bot trades. Checking for new entry signal.
2025-09-08 19:20:12,796 - TradingBot - INFO - Entry Signal Check (EMA Crossover): HOLD | Current Trend Memory: BULLISH
2025-09-08 19:20:13,813 - TradingBot - INFO - Applying core strategy to 0 bot trade(s).
2025-09-08 19:20:13,813 - TradingBot - INFO - Strategy: Running checks...
2025-09-08 19:20:13,813 - TradingBot - INFO - No open bot trades. Checking for new entry signal.
2025-09-08 19:20:13,813 - TradingBot - INFO - Entry Signal Check (EMA Crossover): HOLD | Current Trend Memory: BULLISH
2025-09-08 19:20:14,826 - TradingBot - INFO - Applying core strategy to 0 bot trade(s).
2025-09-08 19:20:14,842 - TradingBot - INFO - Strategy: Running checks...
2025-09-08 19:20:14,873 - TradingBot - INFO - No open bot trades. Checking for new entry signal.
2025-09-08 19:20:14,904 - TradingBot - INFO - Entry Signal Check (EMA Crossover): HOLD | Current Trend Memory: BULLISH
2025-09-08 19:20:15,912 - TradingBot - INFO - Applying core strategy to 0 bot trade(s).
2025-09-08 19:20:15,912 - TradingBot - INFO - Strategy: Running checks...
2025-09-08 19:20:15,912 - TradingBot - INFO - No open bot trades. Checking for new entry signal.
2025-09-08 19:20:15,912 - TradingBot - INFO - Entry Signal Check (EMA Crossover): HOLD | Current Trend Memory: BULLISH
2025-09-08 19:20:16,926 - TradingBot - INFO - Applying core strategy to 0 bot trade(s).
2025-09-08 19:20:16,926 - TradingBot - INFO - Strategy: Running checks...
2025-09-08 19:20:16,926 - TradingBot - INFO - No open bot trades. Checking for new entry signal.
2025-09-08 19:20:16,926 - TradingBot - INFO - Entry Signal Check (EMA Crossover): HOLD | Current Trend Memory: BULLISH
2025-09-08 19:20:17,940 - TradingBot - INFO - Applying core strategy to 0 bot trade(s).
2025-09-08 19:20:17,941 - TradingBot - INFO - Strategy: Running checks...
2025-09-08 19:20:17,942 - TradingBot - INFO - No open bot trades. Checking for new entry signal.
2025-09-08 19:20:17,951 - TradingBot - INFO - Entry Signal Check (EMA Crossover): HOLD | Current Trend Memory: BULLISH
2025-09-08 19:20:18,975 - TradingBot - INFO - Applying core strategy to 0 bot trade(s).
2025-09-08 19:20:18,975 - TradingBot - INFO - Strategy: Running checks...
2025-09-08 19:20:18,976 - TradingBot - INFO - No open bot trades. Checking for new entry signal.
2025-09-08 19:20:18,985 - TradingBot - INFO - Entry Signal Check (EMA Crossover): HOLD | Current Trend Memory: BULLISH
2025-09-08 19:20:19,990 - TradingBot - INFO - Applying core strategy to 0 bot trade(s).
2025-09-08 19:20:19,991 - TradingBot - INFO - Strategy: Running checks...
2025-09-08 19:20:19,991 - TradingBot - INFO - No open bot trades. Checking for new entry signal.
2025-09-08 19:20:20,002 - TradingBot - INFO - Entry Signal Check (EMA Crossover): HOLD | Current Trend Memory: BULLISH
2025-09-08 19:20:21,003 - TradingBot - INFO - Applying core strategy to 0 bot trade(s).
2025-09-08 19:20:21,003 - TradingBot - INFO - Strategy: Running checks...
2025-09-08 19:20:21,003 - TradingBot - INFO - No open bot trades. Checking for new entry signal.
2025-09-08 19:20:21,013 - TradingBot - INFO - Entry Signal Check (EMA Crossover): HOLD | Current Trend Memory: BULLISH
2025-09-08 19:20:22,015 - TradingBot - INFO - Applying core strategy to 0 bot trade(s).
2025-09-08 19:20:22,015 - TradingBot - INFO - Strategy: Running checks...
2025-09-08 19:20:22,015 - TradingBot - INFO - No open bot trades. Checking for new entry signal.
2025-09-08 19:20:22,015 - TradingBot - INFO - Entry Signal Check (EMA Crossover): HOLD | Current Trend Memory: BULLISH
2025-09-08 19:20:23,027 - TradingBot - INFO - Applying core strategy to 0 bot trade(s).
2025-09-08 19:20:23,027 - TradingBot - INFO - Strategy: Running checks...
2025-09-08 19:20:23,027 - TradingBot - INFO - No open bot trades. Checking for new entry signal.
2025-09-08 19:20:23,027 - TradingBot - INFO - Entry Signal Check (EMA Crossover): HOLD | Current Trend Memory: BULLISH
2025-09-08 19:20:24,038 - TradingBot - INFO - Applying core strategy to 0 bot trade(s).
2025-09-08 19:20:24,038 - TradingBot - INFO - Strategy: Running checks...
2025-09-08 19:20:24,038 - TradingBot - INFO - No open bot trades. Checking for new entry signal.
2025-09-08 19:20:24,038 - TradingBot - INFO - Entry Signal Check (EMA Crossover): HOLD | Current Trend Memory: BULLISH
2025-09-08 19:20:25,051 - TradingBot - INFO - Applying core strategy to 0 bot trade(s).
2025-09-08 19:20:25,051 - TradingBot - INFO - Strategy: Running checks...
2025-09-08 19:20:25,051 - TradingBot - INFO - No open bot trades. Checking for new entry signal.
2025-09-08 19:20:25,051 - TradingBot - INFO - Entry Signal Check (EMA Crossover): HOLD | Current Trend Memory: BULLISH
2025-09-08 19:20:26,065 - TradingBot - INFO - Applying core strategy to 0 bot trade(s).
2025-09-08 19:20:26,066 - TradingBot - INFO - Strategy: Running checks...
2025-09-08 19:20:26,066 - TradingBot - INFO - No open bot trades. Checking for new entry signal.
2025-09-08 19:20:26,076 - TradingBot - INFO - Entry Signal Check (EMA Crossover): HOLD | Current Trend Memory: BULLISH
2025-09-08 19:20:27,079 - TradingBot - INFO - Applying core strategy to 0 bot trade(s).
2025-09-08 19:20:27,079 - TradingBot - INFO - Strategy: Running checks...
2025-09-08 19:20:27,079 - TradingBot - INFO - No open bot trades. Checking for new entry signal.
2025-09-08 19:20:27,079 - TradingBot - INFO - Entry Signal Check (EMA Crossover): HOLD | Current Trend Memory: BULLISH
2025-09-08 19:20:28,092 - TradingBot - INFO - Applying core strategy to 0 bot trade(s).
2025-09-08 19:20:28,093 - TradingBot - INFO - Strategy: Running checks...
2025-09-08 19:20:28,094 - TradingBot - INFO - No open bot trades. Checking for new entry signal.
2025-09-08 19:20:28,105 - TradingBot - INFO - Entry Signal Check (EMA Crossover): HOLD | Current Trend Memory: BULLISH
2025-09-08 19:20:29,109 - TradingBot - INFO - Applying core strategy to 0 bot trade(s).
2025-09-08 19:20:29,111 - TradingBot - INFO - Strategy: Running checks...
2025-09-08 19:20:29,111 - TradingBot - INFO - No open bot trades. Checking for new entry signal.
2025-09-08 19:20:29,120 - TradingBot - INFO - Entry Signal Check (EMA Crossover): HOLD | Current Trend Memory: BULLISH
2025-09-08 19:20:30,128 - TradingBot - INFO - Applying core strategy to 0 bot trade(s).
2025-09-08 19:20:30,128 - TradingBot - INFO - Strategy: Running checks...
2025-09-08 19:20:30,129 - TradingBot - INFO - No open bot trades. Checking for new entry signal.
2025-09-08 19:20:30,141 - TradingBot - INFO - Entry Signal Check (EMA Crossover): HOLD | Current Trend Memory: BULLISH
